player_id,level_completed,time_spent,actions_taken,difficulty,last_level_attempts,average_level_time,last_level_cleared,score,Next_level,NLOD
1,7,111,quit,5,4,15.857142857142858,0,360,7,5
2,4,104,get_help,2,8,26.0,0,204,4,1
3,8,171,restart,3,7,21.375,0,406,8,2
4,5,133,quit,4,1,26.6,0,258,5,4
5,7,293,restart,3,5,41.85714285714285,0,356,7,3
6,10,127,level_up,5,7,12.7,1,510,11,6
7,3,106,play,1,4,35.333333333333336,0,152,3,1
8,7,92,get_help,3,1,13.142857142857142,0,356,7,3
9,8,287,restart,4,9,35.875,0,408,8,3
10,5,51,quit,2,5,10.2,0,254,5,2
11,4,29,restart,6,2,7.25,0,212,4,6
12,8,296,quit,1,8,37.0,0,402,8,1
13,8,297,restart,2,2,37.125,0,404,8,2
14,3,214,quit,3,3,71.33333333333333,0,156,3,3
15,6,267,level_up,5,10,44.5,0,310,6,4
16,5,257,quit,5,1,51.4,0,260,5,5
17,2,101,quit,4,2,50.5,0,108,2,4
18,8,110,play,5,7,13.75,0,410,8,4
19,6,182,quit,1,10,30.33333333333333,0,302,6,1
20,2,1,play,5,2,0.5,0,110,2,5
21,5,55,get_help,4,6,11.0,0,258,5,3
22,1,149,play,6,3,149.0,0,62,1,6
23,10,137,level_up,3,4,13.7,1,506,11,4
24,6,202,play,3,8,33.666666666666664,0,306,6,2
25,9,117,get_help,5,3,13.0,0,460,9,5
26,1,154,level_up,2,10,154.0,0,54,1,1
27,10,291,restart,3,6,29.1,1,506,11,4
28,3,63,restart,6,1,21.0,0,162,3,6
29,7,244,play,5,7,34.857142857142854,0,360,7,4
30,4,25,play,4,8,6.25,0,208,4,3
31,9,90,get_help,6,8,10.0,0,462,9,5
32,3,75,get_help,5,3,25.0,0,160,3,5
33,5,294,quit,6,10,58.8,0,262,5,5
34,3,210,get_help,3,1,70.0,0,156,3,3
35,7,17,quit,4,9,2.4285714285714284,0,358,7,3
36,5,128,level_up,5,6,25.6,0,260,5,4
37,9,251,play,1,9,27.88888888888889,0,452,9,1
38,7,179,level_up,4,7,25.571428571428573,0,358,7,3
39,2,182,get_help,1,1,91.0,0,102,2,1
40,4,152,level_up,6,1,38.0,0,212,4,6
41,9,25,level_up,2,6,2.7777777777777777,0,454,9,1
42,2,180,level_up,4,5,90.0,0,108,2,4
43,10,198,get_help,6,9,19.8,1,512,11,6
44,9,161,level_up,1,2,17.88888888888889,0,452,9,1
45,10,177,quit,3,8,17.7,1,506,11,4
46,5,285,get_help,3,5,57.0,0,256,5,3
47,2,63,level_up,2,2,31.5,0,104,2,2
48,4,150,get_help,4,10,37.5,0,208,4,3
49,7,154,restart,4,6,22.0,0,358,7,3
50,8,156,quit,4,10,19.5,0,408,8,3
51,3,49,level_up,6,8,16.333333333333332,0,162,3,5
52,1,84,restart,2,4,84.0,0,54,1,2
53,4,177,restart,4,2,44.25,0,208,4,4
54,2,148,get_help,6,5,74.0,0,112,2,6
55,8,118,restart,3,2,14.75,0,406,8,3
56,4,63,quit,1,2,15.75,0,202,4,1
57,2,189,quit,6,6,94.5,0,112,2,5
58,6,49,play,3,10,8.166666666666666,0,306,6,2
59,6,257,quit,3,9,42.833333333333336,0,306,6,2
60,10,224,restart,1,4,22.4,1,502,11,2
61,4,141,quit,3,6,35.25,0,206,4,2
62,6,215,get_help,2,7,35.833333333333336,0,304,6,1
63,2,211,play,1,6,105.5,0,102,2,1
64,10,32,restart,3,8,3.2,1,506,11,4
65,2,158,play,5,4,79.0,0,110,2,5
66,10,285,restart,6,1,28.5,1,512,11,6
67,4,286,get_help,3,7,71.5,0,206,4,2
68,8,144,play,2,3,18.0,0,404,8,2
69,7,19,level_up,4,6,2.7142857142857144,0,358,7,3
70,9,18,restart,3,2,2.0,0,456,9,3
71,8,257,level_up,4,9,32.125,0,408,8,3
72,5,78,play,5,1,15.6,0,260,5,5
73,2,175,level_up,3,6,87.5,0,106,2,2
74,5,194,level_up,1,6,38.8,0,252,5,1
75,8,113,play,4,5,14.125,0,408,8,4
76,10,114,get_help,5,5,11.4,1,510,11,6
77,9,222,level_up,1,1,24.666666666666668,0,452,9,1
78,9,166,level_up,1,10,18.444444444444443,0,452,9,1
79,1,132,get_help,1,5,132.0,0,52,1,1
80,9,264,level_up,1,2,29.33333333333333,0,452,9,1
81,7,55,level_up,3,7,7.857142857142857,0,356,7,2
82,9,131,level_up,6,3,14.555555555555555,0,462,9,6
83,8,288,quit,3,4,36.0,0,406,8,3
84,1,266,get_help,3,3,266.0,0,56,1,3
85,8,162,level_up,5,3,20.25,0,410,8,5
86,8,87,get_help,5,4,10.875,0,410,8,5
87,3,55,restart,6,5,18.33333333333333,0,162,3,6
88,1,288,restart,5,1,288.0,0,60,1,5
89,8,178,level_up,2,4,22.25,0,404,8,2
90,3,8,get_help,6,8,2.6666666666666665,0,162,3,5
91,3,247,get_help,5,10,82.33333333333333,0,160,3,4
92,1,255,get_help,6,7,255.0,0,62,1,5
93,5,54,quit,3,9,10.8,0,256,5,2
94,10,249,restart,3,5,24.9,1,506,11,4
95,7,239,get_help,6,10,34.142857142857146,0,362,7,5
96,10,229,get_help,2,4,22.9,1,504,11,3
97,9,67,quit,2,8,7.444444444444445,0,454,9,1
98,7,51,quit,6,9,7.285714285714286,0,362,7,5
99,9,97,get_help,5,7,10.77777777777778,0,460,9,4
100,8,92,play,4,7,11.5,0,408,8,3
101,2,264,get_help,2,5,132.0,0,104,2,2
102,1,291,get_help,1,4,291.0,0,52,1,1
103,7,96,quit,3,10,13.714285714285714,0,356,7,2
104,7,88,quit,6,1,12.571428571428571,0,362,7,6
105,8,78,get_help,1,10,9.75,0,402,8,1
106,5,288,get_help,6,10,57.6,0,262,5,5
107,3,120,get_help,3,7,40.0,0,156,3,2
108,8,165,quit,3,1,20.625,0,406,8,3
109,6,182,get_help,2,1,30.33333333333333,0,304,6,2
110,3,223,get_help,2,5,74.33333333333333,0,154,3,2
111,1,7,level_up,1,9,7.0,0,52,1,1
112,3,263,play,6,6,87.66666666666667,0,162,3,5
113,5,161,restart,3,3,32.2,0,256,5,3
114,3,151,play,1,3,50.333333333333336,0,152,3,1
115,1,85,level_up,4,7,85.0,0,58,1,3
116,5,147,restart,1,6,29.4,0,252,5,1
117,10,112,get_help,5,9,11.2,1,510,11,6
118,7,36,level_up,1,6,5.142857142857143,0,352,7,1
119,7,285,get_help,5,5,40.71428571428572,0,360,7,5
120,9,188,quit,5,10,20.88888888888889,0,460,9,4
121,10,82,level_up,5,7,8.2,1,510,11,6
122,10,2,quit,4,1,0.2,1,508,11,5
123,3,197,level_up,1,7,65.66666666666667,0,152,3,1
124,7,11,level_up,1,3,1.5714285714285714,0,352,7,1
125,1,234,quit,4,9,234.0,0,58,1,3
126,4,195,restart,3,6,48.75,0,206,4,2
127,4,119,play,2,9,29.75,0,204,4,1
128,5,20,get_help,1,5,4.0,0,252,5,1
129,7,261,level_up,2,7,37.285714285714285,0,354,7,1
130,7,293,get_help,6,4,41.85714285714285,0,362,7,6
131,4,256,quit,6,7,64.0,0,212,4,5
132,7,222,get_help,4,1,31.714285714285715,0,358,7,4
133,3,226,quit,6,7,75.33333333333333,0,162,3,5
134,6,53,get_help,6,8,8.833333333333334,0,312,6,5
135,2,280,play,3,5,140.0,0,106,2,3
136,10,81,play,3,2,8.1,1,506,11,4
137,9,202,play,3,5,22.444444444444443,0,456,9,3
138,5,158,play,6,6,31.6,0,262,5,5
139,6,120,play,4,2,20.0,0,308,6,4
140,4,59,play,5,6,14.75,0,210,4,4
141,10,215,quit,5,6,21.5,1,510,11,6
142,7,128,level_up,2,1,18.285714285714285,0,354,7,2
143,9,224,get_help,5,1,24.88888888888889,0,460,9,5
144,7,209,play,5,10,29.857142857142858,0,360,7,4
145,1,115,quit,3,3,115.0,0,56,1,3
146,1,209,quit,3,10,209.0,0,56,1,2
147,9,14,quit,6,10,1.5555555555555556,0,462,9,5
148,9,9,level_up,2,3,1.0,0,454,9,2
149,4,40,get_help,1,4,10.0,0,202,4,1
150,9,237,level_up,2,2,26.33333333333333,0,454,9,2
151,3,281,restart,2,9,93.66666666666669,0,154,3,1
152,7,201,quit,4,10,28.714285714285715,0,358,7,3
153,6,246,restart,6,7,41.0,0,312,6,5
154,8,278,play,4,7,34.75,0,408,8,3
155,9,235,play,2,6,26.11111111111111,0,454,9,1
156,5,4,level_up,2,3,0.8,0,254,5,2
157,1,154,get_help,2,6,154.0,0,54,1,1
158,3,29,restart,5,8,9.666666666666666,0,160,3,4
159,10,109,get_help,4,8,10.9,1,508,11,5
160,8,98,level_up,2,9,12.25,0,404,8,1
161,6,215,play,3,1,35.833333333333336,0,306,6,3
162,8,293,get_help,6,1,36.625,0,412,8,6
163,9,75,get_help,6,3,8.333333333333334,0,462,9,6
164,4,146,play,3,3,36.5,0,206,4,3
165,1,128,restart,6,10,128.0,0,62,1,5
166,1,42,play,5,8,42.0,0,60,1,4
167,10,41,get_help,5,10,4.1,1,510,11,6
168,4,34,restart,1,1,8.5,0,202,4,1
169,7,17,restart,1,2,2.4285714285714284,0,352,7,1
170,2,165,play,1,2,82.5,0,102,2,1
171,3,153,get_help,6,3,51.0,0,162,3,6
172,1,76,level_up,5,6,76.0,0,60,1,4
173,5,87,get_help,5,1,17.4,0,260,5,5
174,1,117,quit,5,2,117.0,0,60,1,5
175,8,27,level_up,3,1,3.375,0,406,8,3
176,1,287,restart,5,5,287.0,0,60,1,5
177,1,134,level_up,3,7,134.0,0,56,1,2
178,2,219,restart,1,8,109.5,0,102,2,1
179,2,168,restart,1,10,84.0,0,102,2,1
180,6,98,level_up,6,1,16.333333333333332,0,312,6,6
181,7,268,restart,1,7,38.285714285714285,0,352,7,1
182,5,237,restart,6,5,47.4,0,262,5,6
183,1,173,quit,2,10,173.0,0,54,1,1
184,1,190,get_help,2,1,190.0,0,54,1,2
185,3,122,get_help,4,3,40.66666666666666,0,158,3,4
186,2,46,quit,6,7,23.0,0,112,2,5
187,5,64,level_up,4,10,12.8,0,258,5,3
188,10,130,play,4,1,13.0,1,508,11,5
189,6,193,play,2,7,32.166666666666664,0,304,6,1
190,7,181,play,6,5,25.857142857142858,0,362,7,6
191,4,292,quit,2,1,73.0,0,204,4,2
192,7,282,quit,4,1,40.285714285714285,0,358,7,4
193,8,29,restart,6,1,3.625,0,412,8,6
194,1,149,play,4,9,149.0,0,58,1,3
195,6,267,level_up,5,3,44.5,0,310,6,5
196,8,296,level_up,6,5,37.0,0,412,8,6
197,5,11,play,6,10,2.2,0,262,5,5
198,4,164,play,4,9,41.0,0,208,4,3
199,2,113,play,5,6,56.5,0,110,2,4
200,6,187,quit,3,9,31.166666666666668,0,306,6,2
201,6,295,quit,2,8,49.16666666666666,0,304,6,1
202,1,232,quit,4,8,232.0,0,58,1,3
203,9,227,get_help,6,1,25.22222222222222,0,462,9,6
204,6,98,level_up,2,9,16.333333333333332,0,304,6,1
205,3,55,level_up,2,6,18.33333333333333,0,154,3,1
206,4,111,restart,2,9,27.75,0,204,4,1
207,4,152,quit,3,3,38.0,0,206,4,3
208,3,246,get_help,1,3,82.0,0,152,3,1
209,10,69,get_help,4,6,6.9,1,508,11,5
210,3,289,level_up,1,9,96.33333333333331,0,152,3,1
211,3,250,quit,1,7,83.33333333333333,0,152,3,1
212,4,36,restart,1,3,9.0,0,202,4,1
213,7,239,quit,2,3,34.142857142857146,0,354,7,2
214,4,148,play,5,2,37.0,0,210,4,5
215,9,227,quit,2,9,25.22222222222222,0,454,9,1
216,1,244,play,2,3,244.0,0,54,1,2
217,8,201,play,6,5,25.125,0,412,8,6
218,7,154,restart,6,9,22.0,0,362,7,5
219,2,73,level_up,1,8,36.5,0,102,2,1
220,8,201,quit,2,2,25.125,0,404,8,2
221,1,296,play,1,3,296.0,0,52,1,1
222,9,17,quit,6,2,1.8888888888888888,0,462,9,6
223,9,129,level_up,5,8,14.333333333333334,0,460,9,4
224,2,217,level_up,4,6,108.5,0,108,2,3
225,7,61,get_help,1,6,8.714285714285714,0,352,7,1
226,10,104,level_up,5,9,10.4,1,510,11,6
227,3,42,restart,4,8,14.0,0,158,3,3
228,7,25,play,3,4,3.571428571428572,0,356,7,3
229,10,39,get_help,1,4,3.9,1,502,11,2
230,9,291,restart,1,9,32.333333333333336,0,452,9,1
231,4,131,quit,3,1,32.75,0,206,4,3
232,1,229,play,3,2,229.0,0,56,1,3
233,2,108,level_up,1,2,54.0,0,102,2,1
234,1,172,play,3,6,172.0,0,56,1,2
235,5,102,quit,2,4,20.4,0,254,5,2
236,5,12,get_help,4,10,2.4,0,258,5,3
237,7,275,get_help,4,3,39.285714285714285,0,358,7,4
238,9,101,get_help,4,3,11.22222222222222,0,458,9,4
239,9,44,level_up,2,3,4.888888888888889,0,454,9,2
240,3,17,restart,3,6,5.666666666666667,0,156,3,2
241,3,57,restart,5,8,19.0,0,160,3,4
242,3,12,play,3,7,4.0,0,156,3,2
243,4,80,level_up,1,4,20.0,0,202,4,1
244,8,216,get_help,6,4,27.0,0,412,8,6
245,6,264,get_help,4,10,44.0,0,308,6,3
246,8,149,quit,3,2,18.625,0,406,8,3
247,1,81,quit,5,1,81.0,0,60,1,5
248,8,215,get_help,1,9,26.875,0,402,8,1
249,4,198,get_help,2,2,49.5,0,204,4,2
250,1,200,level_up,2,8,200.0,0,54,1,1
251,8,25,restart,5,9,3.125,0,410,8,4
252,4,89,quit,1,4,22.25,0,202,4,1
253,6,268,restart,4,8,44.66666666666666,0,308,6,3
254,8,143,level_up,3,9,17.875,0,406,8,2
255,4,59,get_help,1,10,14.75,0,202,4,1
256,3,26,restart,2,10,8.666666666666666,0,154,3,1
257,9,47,get_help,5,5,5.222222222222222,0,460,9,5
258,3,288,get_help,5,7,96.0,0,160,3,4
259,9,266,play,3,10,29.55555555555556,0,456,9,2
260,2,16,restart,5,4,8.0,0,110,2,5
261,2,199,restart,5,1,99.5,0,110,2,5
262,2,282,get_help,1,3,141.0,0,102,2,1
263,6,86,level_up,4,5,14.333333333333334,0,308,6,4
264,3,250,play,3,3,83.33333333333333,0,156,3,3
265,9,270,get_help,1,7,30.0,0,452,9,1
266,4,117,quit,4,9,29.25,0,208,4,3
267,1,7,quit,1,6,7.0,0,52,1,1
268,4,137,play,6,10,34.25,0,212,4,5
269,1,176,level_up,1,1,176.0,0,52,1,1
270,5,215,get_help,5,7,43.0,0,260,5,4
271,4,82,restart,4,3,20.5,0,208,4,4
272,8,223,play,3,5,27.875,0,406,8,3
273,8,103,level_up,3,10,12.875,0,406,8,2
274,7,273,restart,4,4,39.0,0,358,7,4
275,3,14,quit,5,10,4.666666666666667,0,160,3,4
276,1,159,quit,2,5,159.0,0,54,1,2
277,1,152,restart,1,5,152.0,0,52,1,1
278,3,108,play,5,6,36.0,0,160,3,4
279,6,188,quit,6,10,31.33333333333333,0,312,6,5
280,7,98,get_help,4,10,14.0,0,358,7,3
281,6,131,restart,1,6,21.83333333333333,0,302,6,1
282,6,293,restart,3,8,48.833333333333336,0,306,6,2
283,6,171,quit,2,8,28.5,0,304,6,1
284,3,183,play,6,9,61.0,0,162,3,5
285,6,39,get_help,3,8,6.5,0,306,6,2
286,8,15,play,4,2,1.875,0,408,8,4
287,2,4,level_up,1,10,2.0,0,102,2,1
288,5,210,level_up,4,1,42.0,0,258,5,4
289,1,161,quit,1,10,161.0,0,52,1,1
290,1,16,quit,5,2,16.0,0,60,1,5
291,5,108,quit,2,2,21.6,0,254,5,2
292,3,227,level_up,5,3,75.66666666666667,0,160,3,5
293,4,170,play,5,10,42.5,0,210,4,4
294,3,34,play,4,7,11.333333333333334,0,158,3,3
295,1,251,quit,2,2,251.0,0,54,1,2
296,1,247,get_help,1,1,247.0,0,52,1,1
297,5,269,play,1,6,53.8,0,252,5,1
298,6,141,level_up,6,9,23.5,0,312,6,5
299,3,274,restart,3,3,91.33333333333331,0,156,3,3
300,9,96,restart,6,6,10.666666666666666,0,462,9,5
301,5,227,restart,6,3,45.4,0,262,5,6
302,8,39,get_help,1,1,4.875,0,402,8,1
303,1,29,quit,4,5,29.0,0,58,1,4
304,5,245,level_up,5,10,49.0,0,260,5,4
305,3,236,get_help,5,4,78.66666666666667,0,160,3,5
306,1,185,level_up,5,7,185.0,0,60,1,4
307,4,272,level_up,2,6,68.0,0,204,4,1
308,5,236,quit,1,10,47.2,0,252,5,1
309,7,239,restart,4,7,34.142857142857146,0,358,7,3
310,1,266,quit,2,5,266.0,0,54,1,2
311,3,65,get_help,3,4,21.666666666666668,0,156,3,3
312,2,177,get_help,4,7,88.5,0,108,2,3
313,9,3,get_help,6,7,0.3333333333333333,0,462,9,5
314,10,142,quit,4,6,14.2,1,508,11,5
315,6,158,level_up,4,8,26.33333333333333,0,308,6,3
316,10,146,level_up,5,4,14.6,1,510,11,6
317,3,293,play,4,10,97.66666666666669,0,158,3,3
318,8,153,get_help,6,5,19.125,0,412,8,6
319,8,193,level_up,6,4,24.125,0,412,8,6
320,2,73,play,1,1,36.5,0,102,2,1
321,6,140,level_up,4,8,23.33333333333333,0,308,6,3
322,7,187,get_help,5,1,26.714285714285715,0,360,7,5
323,2,293,restart,4,5,146.5,0,108,2,4
324,10,61,get_help,3,6,6.1,1,506,11,4
325,2,198,quit,3,6,99.0,0,106,2,2
326,10,295,level_up,5,5,29.5,1,510,11,6
327,1,11,level_up,1,3,11.0,0,52,1,1
328,8,62,quit,1,5,7.75,0,402,8,1
329,1,226,quit,6,8,226.0,0,62,1,5
330,9,153,restart,6,2,17.0,0,462,9,6
331,6,199,level_up,2,6,33.166666666666664,0,304,6,1
332,7,52,level_up,5,9,7.428571428571429,0,360,7,4
333,10,260,restart,4,8,26.0,1,508,11,5
334,7,59,play,5,8,8.428571428571429,0,360,7,4
335,10,72,restart,2,8,7.2,1,504,11,3
336,3,148,get_help,6,7,49.333333333333336,0,162,3,5
337,2,63,level_up,5,8,31.5,0,110,2,4
338,9,243,quit,5,6,27.0,0,460,9,4
339,8,107,get_help,6,2,13.375,0,412,8,6
340,10,226,level_up,2,2,22.6,1,504,11,3
341,7,218,restart,6,8,31.142857142857142,0,362,7,5
342,9,241,get_help,1,1,26.77777777777778,0,452,9,1
343,4,259,level_up,4,6,64.75,0,208,4,3
344,4,262,play,6,6,65.5,0,212,4,5
345,1,5,play,2,4,5.0,0,54,1,2
346,8,261,quit,3,10,32.625,0,406,8,2
347,3,54,level_up,1,3,18.0,0,152,3,1
348,7,47,play,3,3,6.714285714285714,0,356,7,3
349,2,215,restart,6,1,107.5,0,112,2,6
350,2,177,level_up,1,3,88.5,0,102,2,1
351,7,9,restart,4,4,1.2857142857142858,0,358,7,4
352,6,99,restart,6,5,16.5,0,312,6,6
353,3,20,play,4,3,6.666666666666667,0,158,3,4
354,9,241,level_up,5,6,26.77777777777778,0,460,9,4
355,10,61,get_help,3,5,6.1,1,506,11,4
356,6,178,play,1,3,29.666666666666668,0,302,6,1
357,10,62,play,4,6,6.2,1,508,11,5
358,10,145,level_up,2,6,14.5,1,504,11,3
359,6,216,level_up,4,8,36.0,0,308,6,3
360,1,3,restart,2,2,3.0,0,54,1,2
361,4,160,level_up,6,1,40.0,0,212,4,6
362,10,227,restart,1,4,22.7,1,502,11,2
363,6,269,play,4,7,44.833333333333336,0,308,6,3
364,6,120,quit,4,10,20.0,0,308,6,3
365,5,89,get_help,1,3,17.8,0,252,5,1
366,1,68,play,4,3,68.0,0,58,1,4
367,8,98,level_up,2,5,12.25,0,404,8,2
368,5,267,get_help,4,5,53.4,0,258,5,4
369,5,105,quit,3,10,21.0,0,256,5,2
370,7,123,quit,6,3,17.571428571428573,0,362,7,6
371,4,29,restart,5,9,7.25,0,210,4,4
372,6,137,get_help,2,4,22.83333333333333,0,304,6,2
373,4,195,restart,3,3,48.75,0,206,4,3
374,3,226,play,6,2,75.33333333333333,0,162,3,6
375,7,170,get_help,1,10,24.285714285714285,0,352,7,1
376,8,9,play,2,9,1.125,0,404,8,1
377,4,40,restart,5,4,10.0,0,210,4,5
378,2,25,get_help,6,3,12.5,0,112,2,6
379,10,261,restart,5,7,26.1,1,510,11,6
380,3,226,get_help,1,8,75.33333333333333,0,152,3,1
381,1,124,restart,1,2,124.0,0,52,1,1
382,8,38,quit,2,7,4.75,0,404,8,1
383,3,251,restart,4,5,83.66666666666667,0,158,3,4
384,10,176,quit,1,5,17.6,1,502,11,2
385,7,90,restart,6,3,12.857142857142858,0,362,7,6
386,10,37,get_help,4,5,3.7,1,508,11,5
387,5,176,get_help,3,2,35.2,0,256,5,3
388,10,284,get_help,5,4,28.4,1,510,11,6
389,5,81,level_up,4,6,16.2,0,258,5,3
390,7,114,play,5,1,16.285714285714285,0,360,7,5
391,9,40,get_help,4,10,4.444444444444445,0,458,9,3
392,5,224,quit,3,4,44.8,0,256,5,3
393,1,115,get_help,1,6,115.0,0,52,1,1
394,10,186,level_up,3,9,18.6,1,506,11,4
395,10,56,quit,1,2,5.6,1,502,11,2
396,1,40,level_up,1,7,40.0,0,52,1,1
397,2,40,quit,5,6,20.0,0,110,2,4
398,6,237,restart,6,2,39.5,0,312,6,6
399,9,289,play,3,8,32.111111111111114,0,456,9,2
400,8,262,play,4,7,32.75,0,408,8,3
401,5,216,level_up,3,5,43.2,0,256,5,3
402,1,147,play,5,5,147.0,0,60,1,5
403,7,168,level_up,1,7,24.0,0,352,7,1
404,5,92,level_up,5,9,18.4,0,260,5,4
405,6,59,level_up,2,9,9.833333333333334,0,304,6,1
406,7,59,play,2,9,8.428571428571429,0,354,7,1
407,3,169,level_up,4,6,56.333333333333336,0,158,3,3
408,10,269,play,5,10,26.9,1,510,11,6
409,3,45,level_up,4,6,15.0,0,158,3,3
410,5,181,get_help,4,3,36.2,0,258,5,4
411,6,170,level_up,2,1,28.33333333333333,0,304,6,2
412,9,191,quit,4,7,21.22222222222222,0,458,9,3
413,5,155,level_up,2,4,31.0,0,254,5,2
414,1,188,restart,1,1,188.0,0,52,1,1
415,4,7,level_up,5,8,1.75,0,210,4,4
416,5,133,quit,4,6,26.6,0,258,5,3
417,10,235,quit,2,6,23.5,1,504,11,3
418,10,45,play,3,2,4.5,1,506,11,4
419,5,249,get_help,4,1,49.8,0,258,5,4
420,7,31,level_up,6,2,4.428571428571429,0,362,7,6
421,4,23,play,1,4,5.75,0,202,4,1
422,1,160,get_help,1,2,160.0,0,52,1,1
423,5,158,level_up,3,1,31.6,0,256,5,3
424,7,39,restart,2,7,5.571428571428571,0,354,7,1
425,10,82,level_up,4,8,8.2,1,508,11,5
426,10,258,quit,2,6,25.8,1,504,11,3
427,6,206,quit,1,4,34.333333333333336,0,302,6,1
428,5,77,restart,2,6,15.4,0,254,5,1
429,4,12,play,1,3,3.0,0,202,4,1
430,2,295,get_help,2,8,147.5,0,104,2,1
431,4,224,level_up,3,10,56.0,0,206,4,2
432,10,13,quit,5,2,1.3,1,510,11,6
433,10,46,play,3,5,4.6,1,506,11,4
434,3,155,restart,3,1,51.66666666666666,0,156,3,3
435,10,113,quit,5,6,11.3,1,510,11,6
436,1,233,restart,5,2,233.0,0,60,1,5
437,8,17,level_up,4,4,2.125,0,408,8,4
438,5,223,get_help,4,6,44.6,0,258,5,3
439,4,188,quit,3,10,47.0,0,206,4,2
440,8,163,quit,3,8,20.375,0,406,8,2
441,7,74,level_up,1,8,10.571428571428571,0,352,7,1
442,2,233,play,1,6,116.5,0,102,2,1
443,1,224,get_help,4,4,224.0,0,58,1,4
444,4,60,quit,6,8,15.0,0,212,4,5
445,8,222,get_help,6,8,27.75,0,412,8,5
446,2,37,quit,4,10,18.5,0,108,2,3
447,3,278,get_help,1,1,92.66666666666669,0,152,3,1
448,1,196,restart,1,4,196.0,0,52,1,1
449,1,242,quit,6,4,242.0,0,62,1,6
450,3,219,get_help,2,7,73.0,0,154,3,1
451,5,192,play,2,7,38.4,0,254,5,1
452,3,17,restart,1,8,5.666666666666667,0,152,3,1
453,1,12,restart,2,5,12.0,0,54,1,2
454,1,193,play,5,7,193.0,0,60,1,4
455,8,22,get_help,4,8,2.75,0,408,8,3
456,10,120,level_up,4,9,12.0,1,508,11,5
457,2,210,play,1,3,105.0,0,102,2,1
458,3,270,get_help,3,3,90.0,0,156,3,3
459,2,192,play,6,4,96.0,0,112,2,6
460,3,175,play,1,5,58.333333333333336,0,152,3,1
461,7,285,quit,2,10,40.71428571428572,0,354,7,1
462,1,204,get_help,6,1,204.0,0,62,1,6
463,10,164,level_up,3,7,16.4,1,506,11,4
464,8,251,quit,2,9,31.375,0,404,8,1
465,10,227,play,5,8,22.7,1,510,11,6
466,10,7,play,2,5,0.7,1,504,11,3
467,10,29,play,5,4,2.9,1,510,11,6
468,2,33,get_help,6,7,16.5,0,112,2,5
469,3,134,get_help,5,5,44.66666666666666,0,160,3,5
470,9,79,quit,6,7,8.777777777777779,0,462,9,5
471,7,58,level_up,6,1,8.285714285714286,0,362,7,6
472,4,26,quit,6,1,6.5,0,212,4,6
473,10,226,restart,6,10,22.6,1,512,11,6
474,5,285,play,6,3,57.0,0,262,5,6
475,2,4,play,2,2,2.0,0,104,2,2
476,8,99,play,6,2,12.375,0,412,8,6
477,4,39,quit,2,7,9.75,0,204,4,1
478,9,271,quit,6,10,30.11111111111111,0,462,9,5
479,5,285,play,5,2,57.0,0,260,5,5
480,9,157,quit,6,4,17.444444444444443,0,462,9,6
481,4,75,get_help,3,2,18.75,0,206,4,3
482,10,288,get_help,6,6,28.8,1,512,11,6
483,5,130,quit,6,8,26.0,0,262,5,5
484,9,175,play,5,10,19.444444444444443,0,460,9,4
485,8,84,quit,4,4,10.5,0,408,8,4
486,3,22,quit,5,5,7.333333333333333,0,160,3,5
487,1,27,quit,3,4,27.0,0,56,1,3
488,3,195,restart,4,3,65.0,0,158,3,4
489,4,236,get_help,1,5,59.0,0,202,4,1
490,2,92,level_up,1,9,46.0,0,102,2,1
491,1,21,level_up,3,8,21.0,0,56,1,2
492,7,84,restart,5,8,12.0,0,360,7,4
493,8,262,quit,2,8,32.75,0,404,8,1
494,7,147,restart,3,8,21.0,0,356,7,2
495,5,257,restart,4,7,51.4,0,258,5,3
496,1,58,play,4,8,58.0,0,58,1,3
497,7,15,get_help,6,8,2.142857142857143,0,362,7,5
498,7,162,level_up,1,8,23.142857142857142,0,352,7,1
499,9,163,quit,4,10,18.11111111111111,0,458,9,3
500,3,281,level_up,3,7,93.66666666666669,0,156,3,2
501,9,280,level_up,4,1,31.11111111111111,0,458,9,4
502,1,12,get_help,3,4,12.0,0,56,1,3
503,1,274,level_up,2,4,274.0,0,54,1,2
504,4,271,level_up,6,5,67.75,0,212,4,6
505,9,208,restart,1,10,23.11111111111111,0,452,9,1
506,6,27,get_help,4,6,4.5,0,308,6,3
507,3,72,play,3,4,24.0,0,156,3,3
508,1,60,quit,5,2,60.0,0,60,1,5
509,4,145,level_up,1,6,36.25,0,202,4,1
510,9,93,quit,2,8,10.333333333333334,0,454,9,1
511,3,8,play,3,8,2.6666666666666665,0,156,3,2
512,9,79,quit,6,7,8.777777777777779,0,462,9,5
513,7,27,play,6,6,3.857142857142857,0,362,7,5
514,4,174,restart,2,2,43.5,0,204,4,2
515,3,50,level_up,2,7,16.666666666666668,0,154,3,1
516,10,199,play,6,5,19.9,1,512,11,6
517,5,181,quit,4,6,36.2,0,258,5,3
518,5,24,level_up,4,10,4.8,0,258,5,3
519,3,46,restart,3,8,15.333333333333334,0,156,3,2
520,9,15,level_up,5,8,1.6666666666666667,0,460,9,4
521,4,153,play,3,3,38.25,0,206,4,3
522,5,222,restart,5,7,44.4,0,260,5,4
523,4,206,quit,2,1,51.5,0,204,4,2
524,5,273,restart,1,1,54.6,0,252,5,1
525,7,236,restart,3,7,33.714285714285715,0,356,7,2
526,9,228,get_help,3,10,25.33333333333333,0,456,9,2
527,7,9,restart,5,9,1.2857142857142858,0,360,7,4
528,5,166,restart,2,7,33.2,0,254,5,1
529,10,214,level_up,2,10,21.4,1,504,11,3
530,10,117,quit,5,5,11.7,1,510,11,6
531,7,72,level_up,2,8,10.285714285714286,0,354,7,1
532,10,64,level_up,6,2,6.4,1,512,11,6
533,5,205,play,4,9,41.0,0,258,5,3
534,3,209,level_up,6,6,69.66666666666667,0,162,3,5
535,7,72,get_help,1,9,10.285714285714286,0,352,7,1
536,2,277,get_help,3,2,138.5,0,106,2,3
537,9,274,play,1,3,30.444444444444443,0,452,9,1
538,10,95,quit,3,8,9.5,1,506,11,4
539,10,166,quit,4,1,16.6,1,508,11,5
540,1,32,level_up,2,10,32.0,0,54,1,1
541,6,11,level_up,6,7,1.8333333333333333,0,312,6,5
542,7,217,level_up,5,7,31.0,0,360,7,4
543,8,289,quit,6,1,36.125,0,412,8,6
544,10,102,restart,4,9,10.2,1,508,11,5
545,9,267,get_help,1,8,29.666666666666668,0,452,9,1
546,2,214,restart,5,4,107.0,0,110,2,5
547,10,179,restart,2,10,17.9,1,504,11,3
548,2,88,quit,4,5,44.0,0,108,2,4
549,5,41,restart,5,2,8.2,0,260,5,5
550,5,76,play,4,9,15.2,0,258,5,3
551,6,46,level_up,4,6,7.666666666666667,0,308,6,3
552,3,160,play,2,3,53.333333333333336,0,154,3,2
553,8,80,get_help,3,7,10.0,0,406,8,2
554,1,86,level_up,5,9,86.0,0,60,1,4
555,6,92,restart,2,3,15.333333333333334,0,304,6,2
556,4,148,get_help,4,2,37.0,0,208,4,4
557,1,161,level_up,2,7,161.0,0,54,1,1
558,7,202,restart,3,7,28.857142857142858,0,356,7,2
559,9,242,play,6,4,26.88888888888889,0,462,9,6
560,4,2,level_up,5,9,0.5,0,210,4,4
561,4,225,restart,3,8,56.25,0,206,4,2
562,6,289,play,1,1,48.16666666666666,0,302,6,1
563,3,233,get_help,5,1,77.66666666666667,0,160,3,5
564,6,77,get_help,3,5,12.833333333333334,0,306,6,3
565,7,116,get_help,4,6,16.571428571428573,0,358,7,3
566,10,154,get_help,5,3,15.4,1,510,11,6
567,10,103,quit,5,9,10.3,1,510,11,6
568,3,194,level_up,2,10,64.66666666666667,0,154,3,1
569,7,166,level_up,4,6,23.714285714285715,0,358,7,3
570,3,90,quit,1,4,30.0,0,152,3,1
571,2,174,restart,6,7,87.0,0,112,2,5
572,10,122,restart,3,8,12.2,1,506,11,4
573,4,143,get_help,2,9,35.75,0,204,4,1
574,8,106,play,3,6,13.25,0,406,8,2
575,9,123,restart,1,6,13.666666666666666,0,452,9,1
576,7,9,play,1,8,1.2857142857142858,0,352,7,1
577,1,262,level_up,5,5,262.0,0,60,1,5
578,3,73,play,1,3,24.33333333333333,0,152,3,1
579,9,223,level_up,3,3,24.77777777777778,0,456,9,3
580,1,41,quit,4,6,41.0,0,58,1,3
581,9,204,quit,4,2,22.666666666666668,0,458,9,4
582,8,264,get_help,5,6,33.0,0,410,8,4
583,1,178,restart,6,6,178.0,0,62,1,5
584,6,84,get_help,3,8,14.0,0,306,6,2
585,5,111,level_up,3,7,22.2,0,256,5,2
586,6,251,get_help,1,8,41.833333333333336,0,302,6,1
587,10,7,play,3,9,0.7,1,506,11,4
588,5,84,level_up,2,6,16.8,0,254,5,1
589,6,208,quit,6,3,34.666666666666664,0,312,6,6
590,5,22,restart,1,10,4.4,0,252,5,1
591,5,3,level_up,2,3,0.6,0,254,5,2
592,4,127,level_up,5,1,31.75,0,210,4,5
593,3,297,play,4,5,99.0,0,158,3,4
594,3,188,restart,5,4,62.66666666666666,0,160,3,5
595,4,14,quit,4,9,3.5,0,208,4,3
596,9,12,level_up,5,9,1.3333333333333333,0,460,9,4
597,2,87,level_up,3,5,43.5,0,106,2,3
598,9,12,play,2,10,1.3333333333333333,0,454,9,1
599,1,25,get_help,4,4,25.0,0,58,1,4
600,1,243,quit,1,7,243.0,0,52,1,1
601,5,122,restart,2,6,24.4,0,254,5,1
602,6,147,level_up,1,4,24.5,0,302,6,1
603,6,55,level_up,2,10,9.166666666666666,0,304,6,1
604,3,238,quit,2,2,79.33333333333333,0,154,3,2
605,7,173,get_help,5,1,24.714285714285715,0,360,7,5
606,9,221,level_up,4,4,24.55555555555556,0,458,9,4
607,10,119,quit,4,4,11.9,1,508,11,5
608,8,183,play,2,1,22.875,0,404,8,2
609,6,288,get_help,3,6,48.0,0,306,6,2
610,8,300,restart,3,4,37.5,0,406,8,3
611,5,82,level_up,1,1,16.4,0,252,5,1
612,8,211,quit,1,1,26.375,0,402,8,1
613,10,150,play,5,1,15.0,1,510,11,6
614,4,37,restart,2,8,9.25,0,204,4,1
615,10,59,quit,1,10,5.9,1,502,11,2
616,8,131,quit,1,8,16.375,0,402,8,1
617,10,202,restart,6,2,20.2,1,512,11,6
618,2,243,play,2,7,121.5,0,104,2,1
619,5,35,play,5,8,7.0,0,260,5,4
620,9,93,get_help,1,8,10.333333333333334,0,452,9,1
621,4,207,level_up,5,10,51.75,0,210,4,4
622,6,213,restart,4,7,35.5,0,308,6,3
623,1,159,restart,5,5,159.0,0,60,1,5
624,9,24,restart,3,1,2.6666666666666665,0,456,9,3
625,1,293,play,3,9,293.0,0,56,1,2
626,5,4,level_up,5,7,0.8,0,260,5,4
627,4,220,get_help,3,2,55.0,0,206,4,3
628,3,20,quit,4,6,6.666666666666667,0,158,3,3
629,6,152,quit,2,2,25.33333333333333,0,304,6,2
630,2,50,restart,3,1,25.0,0,106,2,3
631,3,177,level_up,3,7,59.0,0,156,3,2
632,5,96,play,5,2,19.2,0,260,5,5
633,9,105,level_up,4,2,11.666666666666666,0,458,9,4
634,2,250,level_up,2,5,125.0,0,104,2,2
635,10,117,play,5,5,11.7,1,510,11,6
636,8,228,restart,5,7,28.5,0,410,8,4
637,2,66,level_up,6,1,33.0,0,112,2,6
638,5,262,quit,4,8,52.4,0,258,5,3
639,7,295,play,2,3,42.142857142857146,0,354,7,2
640,8,243,get_help,4,4,30.375,0,408,8,4
641,1,186,restart,2,9,186.0,0,54,1,1
642,6,246,play,4,4,41.0,0,308,6,4
643,1,125,get_help,5,10,125.0,0,60,1,4
644,2,268,get_help,5,5,134.0,0,110,2,5
645,1,131,level_up,1,7,131.0,0,52,1,1
646,5,237,level_up,3,4,47.4,0,256,5,3
647,10,18,level_up,6,1,1.8,1,512,11,6
648,9,40,play,4,9,4.444444444444445,0,458,9,3
649,6,21,play,6,4,3.5,0,312,6,6
650,1,225,restart,1,9,225.0,0,52,1,1
651,1,282,level_up,3,6,282.0,0,56,1,2
652,2,8,get_help,4,1,4.0,0,108,2,4
653,9,100,quit,2,3,11.11111111111111,0,454,9,2
654,3,240,restart,3,2,80.0,0,156,3,3
655,1,87,play,5,9,87.0,0,60,1,4
656,5,298,restart,1,1,59.6,0,252,5,1
657,7,14,restart,3,9,2.0,0,356,7,2
658,6,2,restart,3,9,0.3333333333333333,0,306,6,2
659,1,293,restart,5,8,293.0,0,60,1,4
660,5,41,quit,4,8,8.2,0,258,5,3
661,5,111,level_up,2,1,22.2,0,254,5,2
662,6,14,get_help,5,8,2.333333333333333,0,310,6,4
663,3,231,restart,2,10,77.0,0,154,3,1
664,5,84,restart,4,3,16.8,0,258,5,4
665,7,130,restart,3,7,18.571428571428573,0,356,7,2
666,5,231,level_up,2,1,46.2,0,254,5,2
667,5,145,play,1,1,29.0,0,252,5,1
668,5,28,play,1,10,5.6,0,252,5,1
669,10,66,quit,5,5,6.6,1,510,11,6
670,10,163,play,4,5,16.3,1,508,11,5
671,3,229,restart,5,8,76.33333333333333,0,160,3,4
672,1,261,restart,5,7,261.0,0,60,1,4
673,5,164,restart,6,8,32.8,0,262,5,5
674,9,287,quit,5,6,31.88888888888889,0,460,9,4
675,1,10,restart,6,6,10.0,0,62,1,5
676,3,195,play,1,2,65.0,0,152,3,1
677,4,118,level_up,1,6,29.5,0,202,4,1
678,1,270,level_up,5,5,270.0,0,60,1,5
679,1,80,get_help,1,3,80.0,0,52,1,1
680,8,93,play,4,6,11.625,0,408,8,3
681,2,266,restart,6,8,133.0,0,112,2,5
682,8,257,level_up,6,9,32.125,0,412,8,5
683,7,133,play,5,1,19.0,0,360,7,5
684,10,276,level_up,1,3,27.6,1,502,11,2
685,10,264,restart,2,3,26.4,1,504,11,3
686,2,171,level_up,6,8,85.5,0,112,2,5
687,6,1,get_help,5,1,0.1666666666666666,0,310,6,5
688,6,64,get_help,5,5,10.666666666666666,0,310,6,5
689,3,284,level_up,4,3,94.66666666666669,0,158,3,4
690,2,121,play,3,2,60.5,0,106,2,3
691,1,107,play,3,8,107.0,0,56,1,2
692,6,175,play,6,3,29.166666666666668,0,312,6,6
693,5,204,level_up,4,7,40.8,0,258,5,3
694,9,165,play,4,1,18.33333333333333,0,458,9,4
695,1,120,restart,4,6,120.0,0,58,1,3
696,7,44,get_help,6,3,6.285714285714286,0,362,7,6
697,5,156,restart,3,8,31.2,0,256,5,2
698,5,207,play,4,6,41.4,0,258,5,3
699,2,108,restart,1,2,54.0,0,102,2,1
700,3,251,play,5,6,83.66666666666667,0,160,3,4
701,7,130,level_up,5,7,18.571428571428573,0,360,7,4
702,6,293,restart,2,5,48.833333333333336,0,304,6,2
703,2,20,level_up,2,3,10.0,0,104,2,2
704,6,282,level_up,6,4,47.0,0,312,6,6
705,2,285,quit,6,4,142.5,0,112,2,6
706,2,1,play,5,6,0.5,0,110,2,4
707,2,119,get_help,1,10,59.5,0,102,2,1
708,3,35,play,3,1,11.666666666666666,0,156,3,3
709,2,198,get_help,3,4,99.0,0,106,2,3
710,4,245,play,6,10,61.25,0,212,4,5
711,9,59,level_up,1,4,6.555555555555555,0,452,9,1
712,6,161,restart,6,10,26.83333333333333,0,312,6,5
713,1,179,restart,3,1,179.0,0,56,1,3
714,8,206,quit,6,9,25.75,0,412,8,5
715,7,12,get_help,4,4,1.7142857142857142,0,358,7,4
716,10,276,get_help,6,7,27.6,1,512,11,6
717,3,181,get_help,5,3,60.333333333333336,0,160,3,5
718,1,242,level_up,6,10,242.0,0,62,1,5
719,5,216,get_help,5,3,43.2,0,260,5,5
720,4,251,restart,1,8,62.75,0,202,4,1
721,10,299,level_up,3,8,29.9,1,506,11,4
722,8,126,play,2,1,15.75,0,404,8,2
723,1,217,get_help,2,10,217.0,0,54,1,1
724,10,285,get_help,3,2,28.5,1,506,11,4
725,1,185,play,2,8,185.0,0,54,1,1
726,4,39,get_help,6,1,9.75,0,212,4,6
727,8,223,play,1,8,27.875,0,402,8,1
728,5,184,level_up,1,8,36.8,0,252,5,1
729,2,178,restart,3,2,89.0,0,106,2,3
730,6,294,play,2,4,49.0,0,304,6,2
731,5,151,quit,6,6,30.2,0,262,5,5
732,2,126,play,1,9,63.0,0,102,2,1
733,3,234,get_help,1,8,78.0,0,152,3,1
734,9,8,level_up,4,8,0.8888888888888888,0,458,9,3
735,7,129,level_up,4,7,18.428571428571427,0,358,7,3
736,7,264,play,1,9,37.71428571428572,0,352,7,1
737,6,157,restart,3,2,26.166666666666668,0,306,6,3
738,8,5,quit,5,3,0.625,0,410,8,5
739,4,86,level_up,5,10,21.5,0,210,4,4
740,8,175,get_help,6,8,21.875,0,412,8,5
741,4,290,get_help,1,6,72.5,0,202,4,1
742,8,193,restart,1,10,24.125,0,402,8,1
743,9,119,level_up,1,9,13.22222222222222,0,452,9,1
744,3,218,play,3,10,72.66666666666667,0,156,3,2
745,3,114,get_help,4,4,38.0,0,158,3,4
746,2,145,restart,1,8,72.5,0,102,2,1
747,10,26,level_up,1,10,2.6,1,502,11,2
748,3,136,level_up,2,3,45.333333333333336,0,154,3,2
749,3,232,level_up,3,3,77.33333333333333,0,156,3,3
750,5,76,level_up,6,8,15.2,0,262,5,5
751,5,289,level_up,1,5,57.8,0,252,5,1
752,2,1,get_help,2,3,0.5,0,104,2,2
753,10,147,restart,5,10,14.7,1,510,11,6
754,6,287,level_up,6,1,47.833333333333336,0,312,6,6
755,5,142,quit,1,3,28.4,0,252,5,1
756,6,53,quit,1,9,8.833333333333334,0,302,6,1
757,1,69,restart,2,5,69.0,0,54,1,2
758,5,90,play,3,10,18.0,0,256,5,2
759,9,220,play,1,2,24.444444444444443,0,452,9,1
760,10,192,play,5,7,19.2,1,510,11,6
761,2,63,quit,1,2,31.5,0,102,2,1
762,1,73,play,5,4,73.0,0,60,1,5
763,10,161,get_help,6,7,16.1,1,512,11,6
764,9,169,level_up,6,4,18.77777777777778,0,462,9,6
765,10,89,quit,4,7,8.9,1,508,11,5
766,9,176,restart,4,7,19.55555555555556,0,458,9,3
767,9,269,restart,5,1,29.88888888888889,0,460,9,5
768,6,73,level_up,3,6,12.166666666666666,0,306,6,2
769,8,245,quit,1,9,30.625,0,402,8,1
770,1,77,play,1,2,77.0,0,52,1,1
771,10,159,play,4,3,15.9,1,508,11,5
772,4,98,get_help,5,10,24.5,0,210,4,4
773,1,102,get_help,1,5,102.0,0,52,1,1
774,8,132,play,1,9,16.5,0,402,8,1
775,1,102,restart,3,4,102.0,0,56,1,3
776,3,19,restart,2,1,6.333333333333333,0,154,3,2
777,4,82,get_help,4,4,20.5,0,208,4,4
778,8,279,level_up,4,6,34.875,0,408,8,3
779,6,129,play,2,5,21.5,0,304,6,2
780,10,89,get_help,1,1,8.9,1,502,11,2
781,7,213,get_help,3,4,30.428571428571427,0,356,7,3
782,8,143,play,3,6,17.875,0,406,8,2
783,2,65,play,4,10,32.5,0,108,2,3
784,10,76,restart,3,10,7.6,1,506,11,4
785,8,199,level_up,6,4,24.875,0,412,8,6
786,3,143,level_up,2,9,47.66666666666666,0,154,3,1
787,7,93,play,1,5,13.285714285714286,0,352,7,1
788,3,224,quit,6,8,74.66666666666667,0,162,3,5
789,7,291,get_help,2,9,41.57142857142857,0,354,7,1
790,2,102,get_help,5,10,51.0,0,110,2,4
791,10,267,play,4,5,26.7,1,508,11,5
792,6,110,quit,3,6,18.33333333333333,0,306,6,2
793,3,265,restart,5,1,88.33333333333333,0,160,3,5
794,3,3,play,3,7,1.0,0,156,3,2
795,9,85,play,6,4,9.444444444444445,0,462,9,6
796,7,282,get_help,1,2,40.285714285714285,0,352,7,1
797,5,117,play,1,5,23.4,0,252,5,1
798,10,221,play,1,3,22.1,1,502,11,2
799,7,154,play,3,6,22.0,0,356,7,2
800,9,153,get_help,5,8,17.0,0,460,9,4
801,1,12,restart,1,7,12.0,0,52,1,1
802,7,133,restart,5,3,19.0,0,360,7,5
803,6,293,play,3,8,48.833333333333336,0,306,6,2
804,10,300,get_help,6,2,30.0,1,512,11,6
805,9,228,restart,5,10,25.33333333333333,0,460,9,4
806,1,271,restart,6,9,271.0,0,62,1,5
807,4,43,restart,3,4,10.75,0,206,4,3
808,9,21,get_help,3,1,2.333333333333333,0,456,9,3
809,4,107,get_help,4,8,26.75,0,208,4,3
810,10,117,play,3,7,11.7,1,506,11,4
811,3,124,level_up,3,5,41.333333333333336,0,156,3,3
812,9,281,restart,2,10,31.22222222222222,0,454,9,1
813,2,292,level_up,1,5,146.0,0,102,2,1
814,4,203,get_help,4,7,50.75,0,208,4,3
815,6,51,get_help,4,5,8.5,0,308,6,4
816,2,271,get_help,4,8,135.5,0,108,2,3
817,8,277,level_up,2,6,34.625,0,404,8,1
818,8,141,get_help,6,5,17.625,0,412,8,6
819,1,275,play,3,9,275.0,0,56,1,2
820,3,290,get_help,1,2,96.66666666666669,0,152,3,1
821,10,52,quit,5,1,5.2,1,510,11,6
822,9,27,level_up,6,8,3.0,0,462,9,5
823,5,157,quit,3,3,31.4,0,256,5,3
824,6,239,get_help,2,7,39.833333333333336,0,304,6,1
825,4,156,play,3,10,39.0,0,206,4,2
826,10,291,restart,3,8,29.1,1,506,11,4
827,2,136,get_help,2,6,68.0,0,104,2,1
828,8,144,play,4,10,18.0,0,408,8,3
829,6,106,level_up,4,9,17.666666666666668,0,308,6,3
830,5,158,quit,1,7,31.6,0,252,5,1
831,9,146,quit,1,10,16.22222222222222,0,452,9,1
832,1,2,quit,4,5,2.0,0,58,1,4
833,5,77,level_up,6,8,15.4,0,262,5,5
834,6,132,play,5,2,22.0,0,310,6,5
835,5,90,level_up,3,7,18.0,0,256,5,2
836,6,263,quit,5,4,43.833333333333336,0,310,6,5
837,6,108,get_help,3,9,18.0,0,306,6,2
838,7,74,restart,4,1,10.571428571428571,0,358,7,4
839,4,39,level_up,1,7,9.75,0,202,4,1
840,8,159,level_up,6,6,19.875,0,412,8,5
841,7,71,play,1,8,10.142857142857142,0,352,7,1
842,9,241,play,5,5,26.77777777777778,0,460,9,5
843,7,298,level_up,1,1,42.57142857142857,0,352,7,1
844,3,36,quit,4,1,12.0,0,158,3,4
845,3,84,restart,6,9,28.0,0,162,3,5
846,8,263,play,5,10,32.875,0,410,8,4
847,5,172,quit,6,6,34.4,0,262,5,5
848,4,173,get_help,3,10,43.25,0,206,4,2
849,8,47,play,1,5,5.875,0,402,8,1
850,6,141,quit,6,1,23.5,0,312,6,6
851,2,118,quit,2,6,59.0,0,104,2,1
852,4,277,restart,1,6,69.25,0,202,4,1
853,4,214,restart,3,3,53.5,0,206,4,3
854,6,220,get_help,6,8,36.66666666666666,0,312,6,5
855,6,26,quit,5,1,4.333333333333333,0,310,6,5
856,1,9,quit,3,1,9.0,0,56,1,3
857,8,271,restart,2,6,33.875,0,404,8,1
858,6,10,play,6,10,1.6666666666666667,0,312,6,5
859,3,121,play,4,1,40.333333333333336,0,158,3,4
860,9,125,level_up,1,6,13.88888888888889,0,452,9,1
861,2,170,restart,5,1,85.0,0,110,2,5
862,8,72,level_up,4,6,9.0,0,408,8,3
863,10,152,restart,6,3,15.2,1,512,11,6
864,3,208,get_help,6,8,69.33333333333333,0,162,3,5
865,5,49,quit,3,6,9.8,0,256,5,2
866,6,154,get_help,6,1,25.666666666666668,0,312,6,6
867,10,293,restart,5,5,29.3,1,510,11,6
868,6,68,quit,4,8,11.333333333333334,0,308,6,3
869,4,50,play,5,3,12.5,0,210,4,5
870,3,152,play,2,6,50.66666666666666,0,154,3,1
871,4,19,level_up,2,5,4.75,0,204,4,2
872,1,100,restart,1,6,100.0,0,52,1,1
873,4,60,restart,1,10,15.0,0,202,4,1
874,1,167,play,2,1,167.0,0,54,1,2
875,1,202,get_help,6,7,202.0,0,62,1,5
876,10,146,quit,5,9,14.6,1,510,11,6
877,6,164,get_help,2,2,27.33333333333333,0,304,6,2
878,5,242,get_help,1,10,48.4,0,252,5,1
879,4,69,play,2,5,17.25,0,204,4,2
880,3,175,play,6,10,58.333333333333336,0,162,3,5
881,1,49,play,2,4,49.0,0,54,1,2
882,6,108,level_up,5,6,18.0,0,310,6,4
883,2,226,get_help,4,6,113.0,0,108,2,3
884,8,161,restart,6,2,20.125,0,412,8,6
885,10,119,quit,1,2,11.9,1,502,11,2
886,5,149,level_up,5,4,29.8,0,260,5,5
887,7,150,restart,2,1,21.428571428571427,0,354,7,2
888,10,293,get_help,2,9,29.3,1,504,11,3
889,2,143,play,4,7,71.5,0,108,2,3
890,8,160,get_help,1,7,20.0,0,402,8,1
891,2,11,quit,1,3,5.5,0,102,2,1
892,4,138,level_up,3,3,34.5,0,206,4,3
893,1,78,level_up,1,1,78.0,0,52,1,1
894,5,77,quit,4,3,15.4,0,258,5,4
895,9,254,restart,3,3,28.22222222222222,0,456,9,3
896,1,258,restart,3,4,258.0,0,56,1,3
897,9,291,level_up,2,4,32.333333333333336,0,454,9,2
898,8,263,level_up,2,3,32.875,0,404,8,2
899,6,85,play,1,10,14.166666666666666,0,302,6,1
900,7,146,restart,3,8,20.857142857142858,0,356,7,2
901,3,42,quit,2,8,14.0,0,154,3,1
902,1,125,restart,4,1,125.0,0,58,1,4
903,5,167,play,2,7,33.4,0,254,5,1
904,2,241,level_up,6,2,120.5,0,112,2,6
905,5,280,level_up,6,1,56.0,0,262,5,6
906,8,188,play,2,3,23.5,0,404,8,2
907,9,19,quit,3,4,2.111111111111111,0,456,9,3
908,2,68,level_up,3,6,34.0,0,106,2,2
909,3,218,get_help,5,10,72.66666666666667,0,160,3,4
910,3,102,level_up,6,5,34.0,0,162,3,6
911,1,42,get_help,4,4,42.0,0,58,1,4
912,8,288,play,3,8,36.0,0,406,8,2
913,6,167,play,1,4,27.83333333333333,0,302,6,1
914,8,109,level_up,6,10,13.625,0,412,8,5
915,9,36,restart,4,2,4.0,0,458,9,4
916,5,232,get_help,4,3,46.4,0,258,5,4
917,3,229,quit,3,6,76.33333333333333,0,156,3,2
918,5,164,level_up,4,8,32.8,0,258,5,3
919,5,73,quit,3,8,14.6,0,256,5,2
920,5,136,level_up,2,9,27.2,0,254,5,1
921,3,70,restart,6,7,23.33333333333333,0,162,3,5
922,10,196,restart,5,2,19.6,1,510,11,6
923,4,269,restart,2,8,67.25,0,204,4,1
924,9,49,restart,6,7,5.444444444444445,0,462,9,5
925,10,130,play,3,8,13.0,1,506,11,4
926,9,5,play,6,3,0.5555555555555556,0,462,9,6
927,2,27,get_help,3,7,13.5,0,106,2,2
928,8,160,quit,2,10,20.0,0,404,8,1
929,8,149,level_up,1,9,18.625,0,402,8,1
930,7,264,level_up,1,3,37.71428571428572,0,352,7,1
931,8,230,play,6,10,28.75,0,412,8,5
932,3,200,level_up,1,6,66.66666666666667,0,152,3,1
933,6,50,play,3,2,8.333333333333334,0,306,6,3
934,1,67,get_help,4,2,67.0,0,58,1,4
935,7,300,quit,3,5,42.85714285714285,0,356,7,3
936,1,58,get_help,4,5,58.0,0,58,1,4
937,9,259,restart,2,7,28.77777777777778,0,454,9,1
938,1,130,restart,5,2,130.0,0,60,1,5
939,1,215,restart,4,7,215.0,0,58,1,3
940,7,172,get_help,1,5,24.571428571428573,0,352,7,1
941,2,258,level_up,3,6,129.0,0,106,2,2
942,5,102,quit,2,8,20.4,0,254,5,1
943,8,209,restart,1,10,26.125,0,402,8,1
944,8,291,restart,2,4,36.375,0,404,8,2
945,3,286,restart,5,7,95.33333333333331,0,160,3,4
946,7,116,quit,3,6,16.571428571428573,0,356,7,2
947,3,264,restart,6,10,88.0,0,162,3,5
948,6,150,quit,3,2,25.0,0,306,6,3
949,6,300,restart,5,8,50.0,0,310,6,4
950,3,36,get_help,3,10,12.0,0,156,3,2
951,7,287,get_help,6,9,41.0,0,362,7,5
952,3,208,quit,4,5,69.33333333333333,0,158,3,4
953,8,106,get_help,2,10,13.25,0,404,8,1
954,10,158,quit,6,4,15.8,1,512,11,6
955,4,121,get_help,1,6,30.25,0,202,4,1
956,1,55,get_help,5,8,55.0,0,60,1,4
957,4,12,quit,4,3,3.0,0,208,4,4
958,7,145,level_up,1,10,20.714285714285715,0,352,7,1
959,4,136,get_help,1,1,34.0,0,202,4,1
960,6,3,restart,5,4,0.5,0,310,6,5
961,9,144,level_up,4,4,16.0,0,458,9,4
962,1,30,quit,1,1,30.0,0,52,1,1
963,5,237,level_up,1,9,47.4,0,252,5,1
964,7,279,play,4,3,39.85714285714285,0,358,7,4
965,1,115,play,3,5,115.0,0,56,1,3
966,4,104,get_help,1,6,26.0,0,202,4,1
967,6,118,get_help,2,8,19.666666666666668,0,304,6,1
968,2,5,restart,4,6,2.5,0,108,2,3
969,10,248,level_up,1,3,24.8,1,502,11,2
970,5,121,play,5,6,24.2,0,260,5,4
971,10,286,get_help,6,1,28.6,1,512,11,6
972,1,149,level_up,2,4,149.0,0,54,1,2
973,6,84,get_help,6,6,14.0,0,312,6,5
974,6,231,get_help,6,7,38.5,0,312,6,5
975,4,288,play,1,10,72.0,0,202,4,1
976,8,161,play,2,3,20.125,0,404,8,2
977,4,272,get_help,2,9,68.0,0,204,4,1
978,8,38,quit,3,7,4.75,0,406,8,2
979,8,226,get_help,6,1,28.25,0,412,8,6
980,5,142,get_help,2,2,28.4,0,254,5,2
981,4,292,restart,3,1,73.0,0,206,4,3
982,2,151,restart,4,9,75.5,0,108,2,3
983,3,114,restart,3,9,38.0,0,156,3,2
984,3,237,quit,5,7,79.0,0,160,3,4
985,4,66,quit,1,10,16.5,0,202,4,1
986,4,258,get_help,4,3,64.5,0,208,4,4
987,10,249,restart,4,5,24.9,1,508,11,5
988,5,180,quit,5,4,36.0,0,260,5,5
989,4,190,play,3,7,47.5,0,206,4,2
990,10,154,get_help,1,9,15.4,1,502,11,2
991,8,196,level_up,3,2,24.5,0,406,8,3
992,6,262,get_help,2,8,43.66666666666666,0,304,6,1
993,6,143,level_up,3,9,23.83333333333333,0,306,6,2
994,8,101,restart,4,10,12.625,0,408,8,3
995,7,244,level_up,1,10,34.857142857142854,0,352,7,1
996,10,12,restart,3,9,1.2,1,506,11,4
997,10,239,play,1,10,23.9,1,502,11,2
998,8,49,level_up,1,7,6.125,0,402,8,1
999,2,42,get_help,2,9,21.0,0,104,2,1
1000,9,166,restart,2,9,18.444444444444443,0,454,9,1
