player_id,level_completed,time_spent,actions_taken,difficulty,last_level_attempts,average_level_time,last_level_cleared,score
1,7,111,quit,5,4,15.857142857142858,0,360
2,4,104,get_help,2,8,26.0,0,204
3,8,171,restart,3,7,21.375,0,406
4,5,133,quit,4,1,26.6,0,258
5,7,293,restart,3,5,41.857142857142854,0,356
6,10,127,level_up,5,7,12.7,1,510
7,3,106,play,1,4,35.333333333333336,0,152
8,7,92,get_help,3,1,13.142857142857142,0,356
9,8,287,restart,4,9,35.875,0,408
10,5,51,quit,2,5,10.2,0,254
11,4,29,restart,6,2,7.25,0,212
12,8,296,quit,1,8,37.0,0,402
13,8,297,restart,2,2,37.125,0,404
14,3,214,quit,3,3,71.33333333333333,0,156
15,6,267,level_up,5,10,44.5,0,310
16,5,257,quit,5,1,51.4,0,260
17,2,101,quit,4,2,50.5,0,108
18,8,110,play,5,7,13.75,0,410
19,6,182,quit,1,10,30.333333333333332,0,302
20,2,1,play,5,2,0.5,0,110
21,5,55,get_help,4,6,11.0,0,258
22,1,149,play,6,3,149.0,0,62
23,10,137,level_up,3,4,13.7,1,506
24,6,202,play,3,8,33.666666666666664,0,306
25,9,117,get_help,5,3,13.0,0,460
26,1,154,level_up,2,10,154.0,0,54
27,10,291,restart,3,6,29.1,1,506
28,3,63,restart,6,1,21.0,0,162
29,7,244,play,5,7,34.857142857142854,0,360
30,4,25,play,4,8,6.25,0,208
31,9,90,get_help,6,8,10.0,0,462
32,3,75,get_help,5,3,25.0,0,160
33,5,294,quit,6,10,58.8,0,262
34,3,210,get_help,3,1,70.0,0,156
35,7,17,quit,4,9,2.4285714285714284,0,358
36,5,128,level_up,5,6,25.6,0,260
37,9,251,play,1,9,27.88888888888889,0,452
38,7,179,level_up,4,7,25.571428571428573,0,358
39,2,182,get_help,1,1,91.0,0,102
40,4,152,level_up,6,1,38.0,0,212
41,9,25,level_up,2,6,2.7777777777777777,0,454
42,2,180,level_up,4,5,90.0,0,108
43,10,198,get_help,6,9,19.8,1,512
44,9,161,level_up,1,2,17.88888888888889,0,452
45,10,177,quit,3,8,17.7,1,506
46,5,285,get_help,3,5,57.0,0,256
47,2,63,level_up,2,2,31.5,0,104
48,4,150,get_help,4,10,37.5,0,208
49,7,154,restart,4,6,22.0,0,358
50,8,156,quit,4,10,19.5,0,408
51,3,49,level_up,6,8,16.333333333333332,0,162
52,1,84,restart,2,4,84.0,0,54
53,4,177,restart,4,2,44.25,0,208
54,2,148,get_help,6,5,74.0,0,112
55,8,118,restart,3,2,14.75,0,406
56,4,63,quit,1,2,15.75,0,202
57,2,189,quit,6,6,94.5,0,112
58,6,49,play,3,10,8.166666666666666,0,306
59,6,257,quit,3,9,42.833333333333336,0,306
60,10,224,restart,1,4,22.4,1,502
61,4,141,quit,3,6,35.25,0,206
62,6,215,get_help,2,7,35.833333333333336,0,304
63,2,211,play,1,6,105.5,0,102
64,10,32,restart,3,8,3.2,1,506
65,2,158,play,5,4,79.0,0,110
66,10,285,restart,6,1,28.5,1,512
67,4,286,get_help,3,7,71.5,0,206
68,8,144,play,2,3,18.0,0,404
69,7,19,level_up,4,6,2.7142857142857144,0,358
70,9,18,restart,3,2,2.0,0,456
71,8,257,level_up,4,9,32.125,0,408
72,5,78,play,5,1,15.6,0,260
73,2,175,level_up,3,6,87.5,0,106
74,5,194,level_up,1,6,38.8,0,252
75,8,113,play,4,5,14.125,0,408
76,10,114,get_help,5,5,11.4,1,510
77,9,222,level_up,1,1,24.666666666666668,0,452
78,9,166,level_up,1,10,18.444444444444443,0,452
79,1,132,get_help,1,5,132.0,0,52
80,9,264,level_up,1,2,29.333333333333332,0,452
81,7,55,level_up,3,7,7.857142857142857,0,356
82,9,131,level_up,6,3,14.555555555555555,0,462
83,8,288,quit,3,4,36.0,0,406
84,1,266,get_help,3,3,266.0,0,56
85,8,162,level_up,5,3,20.25,0,410
86,8,87,get_help,5,4,10.875,0,410
87,3,55,restart,6,5,18.333333333333332,0,162
88,1,288,restart,5,1,288.0,0,60
89,8,178,level_up,2,4,22.25,0,404
90,3,8,get_help,6,8,2.6666666666666665,0,162
91,3,247,get_help,5,10,82.33333333333333,0,160
92,1,255,get_help,6,7,255.0,0,62
93,5,54,quit,3,9,10.8,0,256
94,10,249,restart,3,5,24.9,1,506
95,7,239,get_help,6,10,34.142857142857146,0,362
96,10,229,get_help,2,4,22.9,1,504
97,9,67,quit,2,8,7.444444444444445,0,454
98,7,51,quit,6,9,7.285714285714286,0,362
99,9,97,get_help,5,7,10.777777777777779,0,460
100,8,92,play,4,7,11.5,0,408
101,2,264,get_help,2,5,132.0,0,104
102,1,291,get_help,1,4,291.0,0,52
103,7,96,quit,3,10,13.714285714285714,0,356
104,7,88,quit,6,1,12.571428571428571,0,362
105,8,78,get_help,1,10,9.75,0,402
106,5,288,get_help,6,10,57.6,0,262
107,3,120,get_help,3,7,40.0,0,156
108,8,165,quit,3,1,20.625,0,406
109,6,182,get_help,2,1,30.333333333333332,0,304
110,3,223,get_help,2,5,74.33333333333333,0,154
111,1,7,level_up,1,9,7.0,0,52
112,3,263,play,6,6,87.66666666666667,0,162
113,5,161,restart,3,3,32.2,0,256
114,3,151,play,1,3,50.333333333333336,0,152
115,1,85,level_up,4,7,85.0,0,58
116,5,147,restart,1,6,29.4,0,252
117,10,112,get_help,5,9,11.2,1,510
118,7,36,level_up,1,6,5.142857142857143,0,352
119,7,285,get_help,5,5,40.714285714285715,0,360
120,9,188,quit,5,10,20.88888888888889,0,460
121,10,82,level_up,5,7,8.2,1,510
122,10,2,quit,4,1,0.2,1,508
123,3,197,level_up,1,7,65.66666666666667,0,152
124,7,11,level_up,1,3,1.5714285714285714,0,352
125,1,234,quit,4,9,234.0,0,58
126,4,195,restart,3,6,48.75,0,206
127,4,119,play,2,9,29.75,0,204
128,5,20,get_help,1,5,4.0,0,252
129,7,261,level_up,2,7,37.285714285714285,0,354
130,7,293,get_help,6,4,41.857142857142854,0,362
131,4,256,quit,6,7,64.0,0,212
132,7,222,get_help,4,1,31.714285714285715,0,358
133,3,226,quit,6,7,75.33333333333333,0,162
134,6,53,get_help,6,8,8.833333333333334,0,312
135,2,280,play,3,5,140.0,0,106
136,10,81,play,3,2,8.1,1,506
137,9,202,play,3,5,22.444444444444443,0,456
138,5,158,play,6,6,31.6,0,262
139,6,120,play,4,2,20.0,0,308
140,4,59,play,5,6,14.75,0,210
141,10,215,quit,5,6,21.5,1,510
142,7,128,level_up,2,1,18.285714285714285,0,354
143,9,224,get_help,5,1,24.88888888888889,0,460
144,7,209,play,5,10,29.857142857142858,0,360
145,1,115,quit,3,3,115.0,0,56
146,1,209,quit,3,10,209.0,0,56
147,9,14,quit,6,10,1.5555555555555556,0,462
148,9,9,level_up,2,3,1.0,0,454
149,4,40,get_help,1,4,10.0,0,202
150,9,237,level_up,2,2,26.333333333333332,0,454
151,3,281,restart,2,9,93.66666666666667,0,154
152,7,201,quit,4,10,28.714285714285715,0,358
153,6,246,restart,6,7,41.0,0,312
154,8,278,play,4,7,34.75,0,408
155,9,235,play,2,6,26.11111111111111,0,454
156,5,4,level_up,2,3,0.8,0,254
157,1,154,get_help,2,6,154.0,0,54
158,3,29,restart,5,8,9.666666666666666,0,160
159,10,109,get_help,4,8,10.9,1,508
160,8,98,level_up,2,9,12.25,0,404
161,6,215,play,3,1,35.833333333333336,0,306
162,8,293,get_help,6,1,36.625,0,412
163,9,75,get_help,6,3,8.333333333333334,0,462
164,4,146,play,3,3,36.5,0,206
165,1,128,restart,6,10,128.0,0,62
166,1,42,play,5,8,42.0,0,60
167,10,41,get_help,5,10,4.1,1,510
168,4,34,restart,1,1,8.5,0,202
169,7,17,restart,1,2,2.4285714285714284,0,352
170,2,165,play,1,2,82.5,0,102
171,3,153,get_help,6,3,51.0,0,162
172,1,76,level_up,5,6,76.0,0,60
173,5,87,get_help,5,1,17.4,0,260
174,1,117,quit,5,2,117.0,0,60
175,8,27,level_up,3,1,3.375,0,406
176,1,287,restart,5,5,287.0,0,60
177,1,134,level_up,3,7,134.0,0,56
178,2,219,restart,1,8,109.5,0,102
179,2,168,restart,1,10,84.0,0,102
180,6,98,level_up,6,1,16.333333333333332,0,312
181,7,268,restart,1,7,38.285714285714285,0,352
182,5,237,restart,6,5,47.4,0,262
183,1,173,quit,2,10,173.0,0,54
184,1,190,get_help,2,1,190.0,0,54
185,3,122,get_help,4,3,40.666666666666664,0,158
186,2,46,quit,6,7,23.0,0,112
187,5,64,level_up,4,10,12.8,0,258
188,10,130,play,4,1,13.0,1,508
189,6,193,play,2,7,32.166666666666664,0,304
190,7,181,play,6,5,25.857142857142858,0,362
191,4,292,quit,2,1,73.0,0,204
192,7,282,quit,4,1,40.285714285714285,0,358
193,8,29,restart,6,1,3.625,0,412
194,1,149,play,4,9,149.0,0,58
195,6,267,level_up,5,3,44.5,0,310
196,8,296,level_up,6,5,37.0,0,412
197,5,11,play,6,10,2.2,0,262
198,4,164,play,4,9,41.0,0,208
199,2,113,play,5,6,56.5,0,110
200,6,187,quit,3,9,31.166666666666668,0,306
201,6,295,quit,2,8,49.166666666666664,0,304
202,1,232,quit,4,8,232.0,0,58
203,9,227,get_help,6,1,25.22222222222222,0,462
204,6,98,level_up,2,9,16.333333333333332,0,304
205,3,55,level_up,2,6,18.333333333333332,0,154
206,4,111,restart,2,9,27.75,0,204
207,4,152,quit,3,3,38.0,0,206
208,3,246,get_help,1,3,82.0,0,152
209,10,69,get_help,4,6,6.9,1,508
210,3,289,level_up,1,9,96.33333333333333,0,152
211,3,250,quit,1,7,83.33333333333333,0,152
212,4,36,restart,1,3,9.0,0,202
213,7,239,quit,2,3,34.142857142857146,0,354
214,4,148,play,5,2,37.0,0,210
215,9,227,quit,2,9,25.22222222222222,0,454
216,1,244,play,2,3,244.0,0,54
217,8,201,play,6,5,25.125,0,412
218,7,154,restart,6,9,22.0,0,362
219,2,73,level_up,1,8,36.5,0,102
220,8,201,quit,2,2,25.125,0,404
221,1,296,play,1,3,296.0,0,52
222,9,17,quit,6,2,1.8888888888888888,0,462
223,9,129,level_up,5,8,14.333333333333334,0,460
224,2,217,level_up,4,6,108.5,0,108
225,7,61,get_help,1,6,8.714285714285714,0,352
226,10,104,level_up,5,9,10.4,1,510
227,3,42,restart,4,8,14.0,0,158
228,7,25,play,3,4,3.5714285714285716,0,356
229,10,39,get_help,1,4,3.9,1,502
230,9,291,restart,1,9,32.333333333333336,0,452
231,4,131,quit,3,1,32.75,0,206
232,1,229,play,3,2,229.0,0,56
233,2,108,level_up,1,2,54.0,0,102
234,1,172,play,3,6,172.0,0,56
235,5,102,quit,2,4,20.4,0,254
236,5,12,get_help,4,10,2.4,0,258
237,7,275,get_help,4,3,39.285714285714285,0,358
238,9,101,get_help,4,3,11.222222222222221,0,458
239,9,44,level_up,2,3,4.888888888888889,0,454
240,3,17,restart,3,6,5.666666666666667,0,156
241,3,57,restart,5,8,19.0,0,160
242,3,12,play,3,7,4.0,0,156
243,4,80,level_up,1,4,20.0,0,202
244,8,216,get_help,6,4,27.0,0,412
245,6,264,get_help,4,10,44.0,0,308
246,8,149,quit,3,2,18.625,0,406
247,1,81,quit,5,1,81.0,0,60
248,8,215,get_help,1,9,26.875,0,402
249,4,198,get_help,2,2,49.5,0,204
250,1,200,level_up,2,8,200.0,0,54
251,8,25,restart,5,9,3.125,0,410
252,4,89,quit,1,4,22.25,0,202
253,6,268,restart,4,8,44.666666666666664,0,308
254,8,143,level_up,3,9,17.875,0,406
255,4,59,get_help,1,10,14.75,0,202
256,3,26,restart,2,10,8.666666666666666,0,154
257,9,47,get_help,5,5,5.222222222222222,0,460
258,3,288,get_help,5,7,96.0,0,160
259,9,266,play,3,10,29.555555555555557,0,456
260,2,16,restart,5,4,8.0,0,110
261,2,199,restart,5,1,99.5,0,110
262,2,282,get_help,1,3,141.0,0,102
263,6,86,level_up,4,5,14.333333333333334,0,308
264,3,250,play,3,3,83.33333333333333,0,156
265,9,270,get_help,1,7,30.0,0,452
266,4,117,quit,4,9,29.25,0,208
267,1,7,quit,1,6,7.0,0,52
268,4,137,play,6,10,34.25,0,212
269,1,176,level_up,1,1,176.0,0,52
270,5,215,get_help,5,7,43.0,0,260
271,4,82,restart,4,3,20.5,0,208
272,8,223,play,3,5,27.875,0,406
273,8,103,level_up,3,10,12.875,0,406
274,7,273,restart,4,4,39.0,0,358
275,3,14,quit,5,10,4.666666666666667,0,160
276,1,159,quit,2,5,159.0,0,54
277,1,152,restart,1,5,152.0,0,52
278,3,108,play,5,6,36.0,0,160
279,6,188,quit,6,10,31.333333333333332,0,312
280,7,98,get_help,4,10,14.0,0,358
281,6,131,restart,1,6,21.833333333333332,0,302
282,6,293,restart,3,8,48.833333333333336,0,306
283,6,171,quit,2,8,28.5,0,304
284,3,183,play,6,9,61.0,0,162
285,6,39,get_help,3,8,6.5,0,306
286,8,15,play,4,2,1.875,0,408
287,2,4,level_up,1,10,2.0,0,102
288,5,210,level_up,4,1,42.0,0,258
289,1,161,quit,1,10,161.0,0,52
290,1,16,quit,5,2,16.0,0,60
291,5,108,quit,2,2,21.6,0,254
292,3,227,level_up,5,3,75.66666666666667,0,160
293,4,170,play,5,10,42.5,0,210
294,3,34,play,4,7,11.333333333333334,0,158
295,1,251,quit,2,2,251.0,0,54
296,1,247,get_help,1,1,247.0,0,52
297,5,269,play,1,6,53.8,0,252
298,6,141,level_up,6,9,23.5,0,312
299,3,274,restart,3,3,91.33333333333333,0,156
300,9,96,restart,6,6,10.666666666666666,0,462
301,5,227,restart,6,3,45.4,0,262
302,8,39,get_help,1,1,4.875,0,402
303,1,29,quit,4,5,29.0,0,58
304,5,245,level_up,5,10,49.0,0,260
305,3,236,get_help,5,4,78.66666666666667,0,160
306,1,185,level_up,5,7,185.0,0,60
307,4,272,level_up,2,6,68.0,0,204
308,5,236,quit,1,10,47.2,0,252
309,7,239,restart,4,7,34.142857142857146,0,358
310,1,266,quit,2,5,266.0,0,54
311,3,65,get_help,3,4,21.666666666666668,0,156
312,2,177,get_help,4,7,88.5,0,108
313,9,3,get_help,6,7,0.3333333333333333,0,462
314,10,142,quit,4,6,14.2,1,508
315,6,158,level_up,4,8,26.333333333333332,0,308
316,10,146,level_up,5,4,14.6,1,510
317,3,293,play,4,10,97.66666666666667,0,158
318,8,153,get_help,6,5,19.125,0,412
319,8,193,level_up,6,4,24.125,0,412
320,2,73,play,1,1,36.5,0,102
321,6,140,level_up,4,8,23.333333333333332,0,308
322,7,187,get_help,5,1,26.714285714285715,0,360
323,2,293,restart,4,5,146.5,0,108
324,10,61,get_help,3,6,6.1,1,506
325,2,198,quit,3,6,99.0,0,106
326,10,295,level_up,5,5,29.5,1,510
327,1,11,level_up,1,3,11.0,0,52
328,8,62,quit,1,5,7.75,0,402
329,1,226,quit,6,8,226.0,0,62
330,9,153,restart,6,2,17.0,0,462
331,6,199,level_up,2,6,33.166666666666664,0,304
332,7,52,level_up,5,9,7.428571428571429,0,360
333,10,260,restart,4,8,26.0,1,508
334,7,59,play,5,8,8.428571428571429,0,360
335,10,72,restart,2,8,7.2,1,504
336,3,148,get_help,6,7,49.333333333333336,0,162
337,2,63,level_up,5,8,31.5,0,110
338,9,243,quit,5,6,27.0,0,460
339,8,107,get_help,6,2,13.375,0,412
340,10,226,level_up,2,2,22.6,1,504
341,7,218,restart,6,8,31.142857142857142,0,362
342,9,241,get_help,1,1,26.77777777777778,0,452
343,4,259,level_up,4,6,64.75,0,208
344,4,262,play,6,6,65.5,0,212
345,1,5,play,2,4,5.0,0,54
346,8,261,quit,3,10,32.625,0,406
347,3,54,level_up,1,3,18.0,0,152
348,7,47,play,3,3,6.714285714285714,0,356
349,2,215,restart,6,1,107.5,0,112
350,2,177,level_up,1,3,88.5,0,102
351,7,9,restart,4,4,1.2857142857142858,0,358
352,6,99,restart,6,5,16.5,0,312
353,3,20,play,4,3,6.666666666666667,0,158
354,9,241,level_up,5,6,26.77777777777778,0,460
355,10,61,get_help,3,5,6.1,1,506
356,6,178,play,1,3,29.666666666666668,0,302
357,10,62,play,4,6,6.2,1,508
358,10,145,level_up,2,6,14.5,1,504
359,6,216,level_up,4,8,36.0,0,308
360,1,3,restart,2,2,3.0,0,54
361,4,160,level_up,6,1,40.0,0,212
362,10,227,restart,1,4,22.7,1,502
363,6,269,play,4,7,44.833333333333336,0,308
364,6,120,quit,4,10,20.0,0,308
365,5,89,get_help,1,3,17.8,0,252
366,1,68,play,4,3,68.0,0,58
367,8,98,level_up,2,5,12.25,0,404
368,5,267,get_help,4,5,53.4,0,258
369,5,105,quit,3,10,21.0,0,256
370,7,123,quit,6,3,17.571428571428573,0,362
371,4,29,restart,5,9,7.25,0,210
372,6,137,get_help,2,4,22.833333333333332,0,304
373,4,195,restart,3,3,48.75,0,206
374,3,226,play,6,2,75.33333333333333,0,162
375,7,170,get_help,1,10,24.285714285714285,0,352
376,8,9,play,2,9,1.125,0,404
377,4,40,restart,5,4,10.0,0,210
378,2,25,get_help,6,3,12.5,0,112
379,10,261,restart,5,7,26.1,1,510
380,3,226,get_help,1,8,75.33333333333333,0,152
381,1,124,restart,1,2,124.0,0,52
382,8,38,quit,2,7,4.75,0,404
383,3,251,restart,4,5,83.66666666666667,0,158
384,10,176,quit,1,5,17.6,1,502
385,7,90,restart,6,3,12.857142857142858,0,362
386,10,37,get_help,4,5,3.7,1,508
387,5,176,get_help,3,2,35.2,0,256
388,10,284,get_help,5,4,28.4,1,510
389,5,81,level_up,4,6,16.2,0,258
390,7,114,play,5,1,16.285714285714285,0,360
391,9,40,get_help,4,10,4.444444444444445,0,458
392,5,224,quit,3,4,44.8,0,256
393,1,115,get_help,1,6,115.0,0,52
394,10,186,level_up,3,9,18.6,1,506
395,10,56,quit,1,2,5.6,1,502
396,1,40,level_up,1,7,40.0,0,52
397,2,40,quit,5,6,20.0,0,110
398,6,237,restart,6,2,39.5,0,312
399,9,289,play,3,8,32.111111111111114,0,456
400,8,262,play,4,7,32.75,0,408
401,5,216,level_up,3,5,43.2,0,256
402,1,147,play,5,5,147.0,0,60
403,7,168,level_up,1,7,24.0,0,352
404,5,92,level_up,5,9,18.4,0,260
405,6,59,level_up,2,9,9.833333333333334,0,304
406,7,59,play,2,9,8.428571428571429,0,354
407,3,169,level_up,4,6,56.333333333333336,0,158
408,10,269,play,5,10,26.9,1,510
409,3,45,level_up,4,6,15.0,0,158
410,5,181,get_help,4,3,36.2,0,258
411,6,170,level_up,2,1,28.333333333333332,0,304
412,9,191,quit,4,7,21.22222222222222,0,458
413,5,155,level_up,2,4,31.0,0,254
414,1,188,restart,1,1,188.0,0,52
415,4,7,level_up,5,8,1.75,0,210
416,5,133,quit,4,6,26.6,0,258
417,10,235,quit,2,6,23.5,1,504
418,10,45,play,3,2,4.5,1,506
419,5,249,get_help,4,1,49.8,0,258
420,7,31,level_up,6,2,4.428571428571429,0,362
421,4,23,play,1,4,5.75,0,202
422,1,160,get_help,1,2,160.0,0,52
423,5,158,level_up,3,1,31.6,0,256
424,7,39,restart,2,7,5.571428571428571,0,354
425,10,82,level_up,4,8,8.2,1,508
426,10,258,quit,2,6,25.8,1,504
427,6,206,quit,1,4,34.333333333333336,0,302
428,5,77,restart,2,6,15.4,0,254
429,4,12,play,1,3,3.0,0,202
430,2,295,get_help,2,8,147.5,0,104
431,4,224,level_up,3,10,56.0,0,206
432,10,13,quit,5,2,1.3,1,510
433,10,46,play,3,5,4.6,1,506
434,3,155,restart,3,1,51.666666666666664,0,156
435,10,113,quit,5,6,11.3,1,510
436,1,233,restart,5,2,233.0,0,60
437,8,17,level_up,4,4,2.125,0,408
438,5,223,get_help,4,6,44.6,0,258
439,4,188,quit,3,10,47.0,0,206
440,8,163,quit,3,8,20.375,0,406
441,7,74,level_up,1,8,10.571428571428571,0,352
442,2,233,play,1,6,116.5,0,102
443,1,224,get_help,4,4,224.0,0,58
444,4,60,quit,6,8,15.0,0,212
445,8,222,get_help,6,8,27.75,0,412
446,2,37,quit,4,10,18.5,0,108
447,3,278,get_help,1,1,92.66666666666667,0,152
448,1,196,restart,1,4,196.0,0,52
449,1,242,quit,6,4,242.0,0,62
450,3,219,get_help,2,7,73.0,0,154
451,5,192,play,2,7,38.4,0,254
452,3,17,restart,1,8,5.666666666666667,0,152
453,1,12,restart,2,5,12.0,0,54
454,1,193,play,5,7,193.0,0,60
455,8,22,get_help,4,8,2.75,0,408
456,10,120,level_up,4,9,12.0,1,508
457,2,210,play,1,3,105.0,0,102
458,3,270,get_help,3,3,90.0,0,156
459,2,192,play,6,4,96.0,0,112
460,3,175,play,1,5,58.333333333333336,0,152
461,7,285,quit,2,10,40.714285714285715,0,354
462,1,204,get_help,6,1,204.0,0,62
463,10,164,level_up,3,7,16.4,1,506
464,8,251,quit,2,9,31.375,0,404
465,10,227,play,5,8,22.7,1,510
466,10,7,play,2,5,0.7,1,504
467,10,29,play,5,4,2.9,1,510
468,2,33,get_help,6,7,16.5,0,112
469,3,134,get_help,5,5,44.666666666666664,0,160
470,9,79,quit,6,7,8.777777777777779,0,462
471,7,58,level_up,6,1,8.285714285714286,0,362
472,4,26,quit,6,1,6.5,0,212
473,10,226,restart,6,10,22.6,1,512
474,5,285,play,6,3,57.0,0,262
475,2,4,play,2,2,2.0,0,104
476,8,99,play,6,2,12.375,0,412
477,4,39,quit,2,7,9.75,0,204
478,9,271,quit,6,10,30.11111111111111,0,462
479,5,285,play,5,2,57.0,0,260
480,9,157,quit,6,4,17.444444444444443,0,462
481,4,75,get_help,3,2,18.75,0,206
482,10,288,get_help,6,6,28.8,1,512
483,5,130,quit,6,8,26.0,0,262
484,9,175,play,5,10,19.444444444444443,0,460
485,8,84,quit,4,4,10.5,0,408
486,3,22,quit,5,5,7.333333333333333,0,160
487,1,27,quit,3,4,27.0,0,56
488,3,195,restart,4,3,65.0,0,158
489,4,236,get_help,1,5,59.0,0,202
490,2,92,level_up,1,9,46.0,0,102
491,1,21,level_up,3,8,21.0,0,56
492,7,84,restart,5,8,12.0,0,360
493,8,262,quit,2,8,32.75,0,404
494,7,147,restart,3,8,21.0,0,356
495,5,257,restart,4,7,51.4,0,258
496,1,58,play,4,8,58.0,0,58
497,7,15,get_help,6,8,2.142857142857143,0,362
498,7,162,level_up,1,8,23.142857142857142,0,352
499,9,163,quit,4,10,18.11111111111111,0,458
500,3,281,level_up,3,7,93.66666666666667,0,156
501,9,280,level_up,4,1,31.11111111111111,0,458
502,1,12,get_help,3,4,12.0,0,56
503,1,274,level_up,2,4,274.0,0,54
504,4,271,level_up,6,5,67.75,0,212
505,9,208,restart,1,10,23.11111111111111,0,452
506,6,27,get_help,4,6,4.5,0,308
507,3,72,play,3,4,24.0,0,156
508,1,60,quit,5,2,60.0,0,60
509,4,145,level_up,1,6,36.25,0,202
510,9,93,quit,2,8,10.333333333333334,0,454
511,3,8,play,3,8,2.6666666666666665,0,156
512,9,79,quit,6,7,8.777777777777779,0,462
513,7,27,play,6,6,3.857142857142857,0,362
514,4,174,restart,2,2,43.5,0,204
515,3,50,level_up,2,7,16.666666666666668,0,154
516,10,199,play,6,5,19.9,1,512
517,5,181,quit,4,6,36.2,0,258
518,5,24,level_up,4,10,4.8,0,258
519,3,46,restart,3,8,15.333333333333334,0,156
520,9,15,level_up,5,8,1.6666666666666667,0,460
521,4,153,play,3,3,38.25,0,206
522,5,222,restart,5,7,44.4,0,260
523,4,206,quit,2,1,51.5,0,204
524,5,273,restart,1,1,54.6,0,252
525,7,236,restart,3,7,33.714285714285715,0,356
526,9,228,get_help,3,10,25.333333333333332,0,456
527,7,9,restart,5,9,1.2857142857142858,0,360
528,5,166,restart,2,7,33.2,0,254
529,10,214,level_up,2,10,21.4,1,504
530,10,117,quit,5,5,11.7,1,510
531,7,72,level_up,2,8,10.285714285714286,0,354
532,10,64,level_up,6,2,6.4,1,512
533,5,205,play,4,9,41.0,0,258
534,3,209,level_up,6,6,69.66666666666667,0,162
535,7,72,get_help,1,9,10.285714285714286,0,352
536,2,277,get_help,3,2,138.5,0,106
537,9,274,play,1,3,30.444444444444443,0,452
538,10,95,quit,3,8,9.5,1,506
539,10,166,quit,4,1,16.6,1,508
540,1,32,level_up,2,10,32.0,0,54
541,6,11,level_up,6,7,1.8333333333333333,0,312
542,7,217,level_up,5,7,31.0,0,360
543,8,289,quit,6,1,36.125,0,412
544,10,102,restart,4,9,10.2,1,508
545,9,267,get_help,1,8,29.666666666666668,0,452
546,2,214,restart,5,4,107.0,0,110
547,10,179,restart,2,10,17.9,1,504
548,2,88,quit,4,5,44.0,0,108
549,5,41,restart,5,2,8.2,0,260
550,5,76,play,4,9,15.2,0,258
551,6,46,level_up,4,6,7.666666666666667,0,308
552,3,160,play,2,3,53.333333333333336,0,154
553,8,80,get_help,3,7,10.0,0,406
554,1,86,level_up,5,9,86.0,0,60
555,6,92,restart,2,3,15.333333333333334,0,304
556,4,148,get_help,4,2,37.0,0,208
557,1,161,level_up,2,7,161.0,0,54
558,7,202,restart,3,7,28.857142857142858,0,356
559,9,242,play,6,4,26.88888888888889,0,462
560,4,2,level_up,5,9,0.5,0,210
561,4,225,restart,3,8,56.25,0,206
562,6,289,play,1,1,48.166666666666664,0,302
563,3,233,get_help,5,1,77.66666666666667,0,160
564,6,77,get_help,3,5,12.833333333333334,0,306
565,7,116,get_help,4,6,16.571428571428573,0,358
566,10,154,get_help,5,3,15.4,1,510
567,10,103,quit,5,9,10.3,1,510
568,3,194,level_up,2,10,64.66666666666667,0,154
569,7,166,level_up,4,6,23.714285714285715,0,358
570,3,90,quit,1,4,30.0,0,152
571,2,174,restart,6,7,87.0,0,112
572,10,122,restart,3,8,12.2,1,506
573,4,143,get_help,2,9,35.75,0,204
574,8,106,play,3,6,13.25,0,406
575,9,123,restart,1,6,13.666666666666666,0,452
576,7,9,play,1,8,1.2857142857142858,0,352
577,1,262,level_up,5,5,262.0,0,60
578,3,73,play,1,3,24.333333333333332,0,152
579,9,223,level_up,3,3,24.77777777777778,0,456
580,1,41,quit,4,6,41.0,0,58
581,9,204,quit,4,2,22.666666666666668,0,458
582,8,264,get_help,5,6,33.0,0,410
583,1,178,restart,6,6,178.0,0,62
584,6,84,get_help,3,8,14.0,0,306
585,5,111,level_up,3,7,22.2,0,256
586,6,251,get_help,1,8,41.833333333333336,0,302
587,10,7,play,3,9,0.7,1,506
588,5,84,level_up,2,6,16.8,0,254
589,6,208,quit,6,3,34.666666666666664,0,312
590,5,22,restart,1,10,4.4,0,252
591,5,3,level_up,2,3,0.6,0,254
592,4,127,level_up,5,1,31.75,0,210
593,3,297,play,4,5,99.0,0,158
594,3,188,restart,5,4,62.666666666666664,0,160
595,4,14,quit,4,9,3.5,0,208
596,9,12,level_up,5,9,1.3333333333333333,0,460
597,2,87,level_up,3,5,43.5,0,106
598,9,12,play,2,10,1.3333333333333333,0,454
599,1,25,get_help,4,4,25.0,0,58
600,1,243,quit,1,7,243.0,0,52
601,5,122,restart,2,6,24.4,0,254
602,6,147,level_up,1,4,24.5,0,302
603,6,55,level_up,2,10,9.166666666666666,0,304
604,3,238,quit,2,2,79.33333333333333,0,154
605,7,173,get_help,5,1,24.714285714285715,0,360
606,9,221,level_up,4,4,24.555555555555557,0,458
607,10,119,quit,4,4,11.9,1,508
608,8,183,play,2,1,22.875,0,404
609,6,288,get_help,3,6,48.0,0,306
610,8,300,restart,3,4,37.5,0,406
611,5,82,level_up,1,1,16.4,0,252
612,8,211,quit,1,1,26.375,0,402
613,10,150,play,5,1,15.0,1,510
614,4,37,restart,2,8,9.25,0,204
615,10,59,quit,1,10,5.9,1,502
616,8,131,quit,1,8,16.375,0,402
617,10,202,restart,6,2,20.2,1,512
618,2,243,play,2,7,121.5,0,104
619,5,35,play,5,8,7.0,0,260
620,9,93,get_help,1,8,10.333333333333334,0,452
621,4,207,level_up,5,10,51.75,0,210
622,6,213,restart,4,7,35.5,0,308
623,1,159,restart,5,5,159.0,0,60
624,9,24,restart,3,1,2.6666666666666665,0,456
625,1,293,play,3,9,293.0,0,56
626,5,4,level_up,5,7,0.8,0,260
627,4,220,get_help,3,2,55.0,0,206
628,3,20,quit,4,6,6.666666666666667,0,158
629,6,152,quit,2,2,25.333333333333332,0,304
630,2,50,restart,3,1,25.0,0,106
631,3,177,level_up,3,7,59.0,0,156
632,5,96,play,5,2,19.2,0,260
633,9,105,level_up,4,2,11.666666666666666,0,458
634,2,250,level_up,2,5,125.0,0,104
635,10,117,play,5,5,11.7,1,510
636,8,228,restart,5,7,28.5,0,410
637,2,66,level_up,6,1,33.0,0,112
638,5,262,quit,4,8,52.4,0,258
639,7,295,play,2,3,42.142857142857146,0,354
640,8,243,get_help,4,4,30.375,0,408
641,1,186,restart,2,9,186.0,0,54
642,6,246,play,4,4,41.0,0,308
643,1,125,get_help,5,10,125.0,0,60
644,2,268,get_help,5,5,134.0,0,110
645,1,131,level_up,1,7,131.0,0,52
646,5,237,level_up,3,4,47.4,0,256
647,10,18,level_up,6,1,1.8,1,512
648,9,40,play,4,9,4.444444444444445,0,458
649,6,21,play,6,4,3.5,0,312
650,1,225,restart,1,9,225.0,0,52
651,1,282,level_up,3,6,282.0,0,56
652,2,8,get_help,4,1,4.0,0,108
653,9,100,quit,2,3,11.11111111111111,0,454
654,3,240,restart,3,2,80.0,0,156
655,1,87,play,5,9,87.0,0,60
656,5,298,restart,1,1,59.6,0,252
657,7,14,restart,3,9,2.0,0,356
658,6,2,restart,3,9,0.3333333333333333,0,306
659,1,293,restart,5,8,293.0,0,60
660,5,41,quit,4,8,8.2,0,258
661,5,111,level_up,2,1,22.2,0,254
662,6,14,get_help,5,8,2.3333333333333335,0,310
663,3,231,restart,2,10,77.0,0,154
664,5,84,restart,4,3,16.8,0,258
665,7,130,restart,3,7,18.571428571428573,0,356
666,5,231,level_up,2,1,46.2,0,254
667,5,145,play,1,1,29.0,0,252
668,5,28,play,1,10,5.6,0,252
669,10,66,quit,5,5,6.6,1,510
670,10,163,play,4,5,16.3,1,508
671,3,229,restart,5,8,76.33333333333333,0,160
672,1,261,restart,5,7,261.0,0,60
673,5,164,restart,6,8,32.8,0,262
674,9,287,quit,5,6,31.88888888888889,0,460
675,1,10,restart,6,6,10.0,0,62
676,3,195,play,1,2,65.0,0,152
677,4,118,level_up,1,6,29.5,0,202
678,1,270,level_up,5,5,270.0,0,60
679,1,80,get_help,1,3,80.0,0,52
680,8,93,play,4,6,11.625,0,408
681,2,266,restart,6,8,133.0,0,112
682,8,257,level_up,6,9,32.125,0,412
683,7,133,play,5,1,19.0,0,360
684,10,276,level_up,1,3,27.6,1,502
685,10,264,restart,2,3,26.4,1,504
686,2,171,level_up,6,8,85.5,0,112
687,6,1,get_help,5,1,0.16666666666666666,0,310
688,6,64,get_help,5,5,10.666666666666666,0,310
689,3,284,level_up,4,3,94.66666666666667,0,158
690,2,121,play,3,2,60.5,0,106
691,1,107,play,3,8,107.0,0,56
692,6,175,play,6,3,29.166666666666668,0,312
693,5,204,level_up,4,7,40.8,0,258
694,9,165,play,4,1,18.333333333333332,0,458
695,1,120,restart,4,6,120.0,0,58
696,7,44,get_help,6,3,6.285714285714286,0,362
697,5,156,restart,3,8,31.2,0,256
698,5,207,play,4,6,41.4,0,258
699,2,108,restart,1,2,54.0,0,102
700,3,251,play,5,6,83.66666666666667,0,160
701,7,130,level_up,5,7,18.571428571428573,0,360
702,6,293,restart,2,5,48.833333333333336,0,304
703,2,20,level_up,2,3,10.0,0,104
704,6,282,level_up,6,4,47.0,0,312
705,2,285,quit,6,4,142.5,0,112
706,2,1,play,5,6,0.5,0,110
707,2,119,get_help,1,10,59.5,0,102
708,3,35,play,3,1,11.666666666666666,0,156
709,2,198,get_help,3,4,99.0,0,106
710,4,245,play,6,10,61.25,0,212
711,9,59,level_up,1,4,6.555555555555555,0,452
712,6,161,restart,6,10,26.833333333333332,0,312
713,1,179,restart,3,1,179.0,0,56
714,8,206,quit,6,9,25.75,0,412
715,7,12,get_help,4,4,1.7142857142857142,0,358
716,10,276,get_help,6,7,27.6,1,512
717,3,181,get_help,5,3,60.333333333333336,0,160
718,1,242,level_up,6,10,242.0,0,62
719,5,216,get_help,5,3,43.2,0,260
720,4,251,restart,1,8,62.75,0,202
721,10,299,level_up,3,8,29.9,1,506
722,8,126,play,2,1,15.75,0,404
723,1,217,get_help,2,10,217.0,0,54
724,10,285,get_help,3,2,28.5,1,506
725,1,185,play,2,8,185.0,0,54
726,4,39,get_help,6,1,9.75,0,212
727,8,223,play,1,8,27.875,0,402
728,5,184,level_up,1,8,36.8,0,252
729,2,178,restart,3,2,89.0,0,106
730,6,294,play,2,4,49.0,0,304
731,5,151,quit,6,6,30.2,0,262
732,2,126,play,1,9,63.0,0,102
733,3,234,get_help,1,8,78.0,0,152
734,9,8,level_up,4,8,0.8888888888888888,0,458
735,7,129,level_up,4,7,18.428571428571427,0,358
736,7,264,play,1,9,37.714285714285715,0,352
737,6,157,restart,3,2,26.166666666666668,0,306
738,8,5,quit,5,3,0.625,0,410
739,4,86,level_up,5,10,21.5,0,210
740,8,175,get_help,6,8,21.875,0,412
741,4,290,get_help,1,6,72.5,0,202
742,8,193,restart,1,10,24.125,0,402
743,9,119,level_up,1,9,13.222222222222221,0,452
744,3,218,play,3,10,72.66666666666667,0,156
745,3,114,get_help,4,4,38.0,0,158
746,2,145,restart,1,8,72.5,0,102
747,10,26,level_up,1,10,2.6,1,502
748,3,136,level_up,2,3,45.333333333333336,0,154
749,3,232,level_up,3,3,77.33333333333333,0,156
750,5,76,level_up,6,8,15.2,0,262
751,5,289,level_up,1,5,57.8,0,252
752,2,1,get_help,2,3,0.5,0,104
753,10,147,restart,5,10,14.7,1,510
754,6,287,level_up,6,1,47.833333333333336,0,312
755,5,142,quit,1,3,28.4,0,252
756,6,53,quit,1,9,8.833333333333334,0,302
757,1,69,restart,2,5,69.0,0,54
758,5,90,play,3,10,18.0,0,256
759,9,220,play,1,2,24.444444444444443,0,452
760,10,192,play,5,7,19.2,1,510
761,2,63,quit,1,2,31.5,0,102
762,1,73,play,5,4,73.0,0,60
763,10,161,get_help,6,7,16.1,1,512
764,9,169,level_up,6,4,18.77777777777778,0,462
765,10,89,quit,4,7,8.9,1,508
766,9,176,restart,4,7,19.555555555555557,0,458
767,9,269,restart,5,1,29.88888888888889,0,460
768,6,73,level_up,3,6,12.166666666666666,0,306
769,8,245,quit,1,9,30.625,0,402
770,1,77,play,1,2,77.0,0,52
771,10,159,play,4,3,15.9,1,508
772,4,98,get_help,5,10,24.5,0,210
773,1,102,get_help,1,5,102.0,0,52
774,8,132,play,1,9,16.5,0,402
775,1,102,restart,3,4,102.0,0,56
776,3,19,restart,2,1,6.333333333333333,0,154
777,4,82,get_help,4,4,20.5,0,208
778,8,279,level_up,4,6,34.875,0,408
779,6,129,play,2,5,21.5,0,304
780,10,89,get_help,1,1,8.9,1,502
781,7,213,get_help,3,4,30.428571428571427,0,356
782,8,143,play,3,6,17.875,0,406
783,2,65,play,4,10,32.5,0,108
784,10,76,restart,3,10,7.6,1,506
785,8,199,level_up,6,4,24.875,0,412
786,3,143,level_up,2,9,47.666666666666664,0,154
787,7,93,play,1,5,13.285714285714286,0,352
788,3,224,quit,6,8,74.66666666666667,0,162
789,7,291,get_help,2,9,41.57142857142857,0,354
790,2,102,get_help,5,10,51.0,0,110
791,10,267,play,4,5,26.7,1,508
792,6,110,quit,3,6,18.333333333333332,0,306
793,3,265,restart,5,1,88.33333333333333,0,160
794,3,3,play,3,7,1.0,0,156
795,9,85,play,6,4,9.444444444444445,0,462
796,7,282,get_help,1,2,40.285714285714285,0,352
797,5,117,play,1,5,23.4,0,252
798,10,221,play,1,3,22.1,1,502
799,7,154,play,3,6,22.0,0,356
800,9,153,get_help,5,8,17.0,0,460
801,1,12,restart,1,7,12.0,0,52
802,7,133,restart,5,3,19.0,0,360
803,6,293,play,3,8,48.833333333333336,0,306
804,10,300,get_help,6,2,30.0,1,512
805,9,228,restart,5,10,25.333333333333332,0,460
806,1,271,restart,6,9,271.0,0,62
807,4,43,restart,3,4,10.75,0,206
808,9,21,get_help,3,1,2.3333333333333335,0,456
809,4,107,get_help,4,8,26.75,0,208
810,10,117,play,3,7,11.7,1,506
811,3,124,level_up,3,5,41.333333333333336,0,156
812,9,281,restart,2,10,31.22222222222222,0,454
813,2,292,level_up,1,5,146.0,0,102
814,4,203,get_help,4,7,50.75,0,208
815,6,51,get_help,4,5,8.5,0,308
816,2,271,get_help,4,8,135.5,0,108
817,8,277,level_up,2,6,34.625,0,404
818,8,141,get_help,6,5,17.625,0,412
819,1,275,play,3,9,275.0,0,56
820,3,290,get_help,1,2,96.66666666666667,0,152
821,10,52,quit,5,1,5.2,1,510
822,9,27,level_up,6,8,3.0,0,462
823,5,157,quit,3,3,31.4,0,256
824,6,239,get_help,2,7,39.833333333333336,0,304
825,4,156,play,3,10,39.0,0,206
826,10,291,restart,3,8,29.1,1,506
827,2,136,get_help,2,6,68.0,0,104
828,8,144,play,4,10,18.0,0,408
829,6,106,level_up,4,9,17.666666666666668,0,308
830,5,158,quit,1,7,31.6,0,252
831,9,146,quit,1,10,16.22222222222222,0,452
832,1,2,quit,4,5,2.0,0,58
833,5,77,level_up,6,8,15.4,0,262
834,6,132,play,5,2,22.0,0,310
835,5,90,level_up,3,7,18.0,0,256
836,6,263,quit,5,4,43.833333333333336,0,310
837,6,108,get_help,3,9,18.0,0,306
838,7,74,restart,4,1,10.571428571428571,0,358
839,4,39,level_up,1,7,9.75,0,202
840,8,159,level_up,6,6,19.875,0,412
841,7,71,play,1,8,10.142857142857142,0,352
842,9,241,play,5,5,26.77777777777778,0,460
843,7,298,level_up,1,1,42.57142857142857,0,352
844,3,36,quit,4,1,12.0,0,158
845,3,84,restart,6,9,28.0,0,162
846,8,263,play,5,10,32.875,0,410
847,5,172,quit,6,6,34.4,0,262
848,4,173,get_help,3,10,43.25,0,206
849,8,47,play,1,5,5.875,0,402
850,6,141,quit,6,1,23.5,0,312
851,2,118,quit,2,6,59.0,0,104
852,4,277,restart,1,6,69.25,0,202
853,4,214,restart,3,3,53.5,0,206
854,6,220,get_help,6,8,36.666666666666664,0,312
855,6,26,quit,5,1,4.333333333333333,0,310
856,1,9,quit,3,1,9.0,0,56
857,8,271,restart,2,6,33.875,0,404
858,6,10,play,6,10,1.6666666666666667,0,312
859,3,121,play,4,1,40.333333333333336,0,158
860,9,125,level_up,1,6,13.88888888888889,0,452
861,2,170,restart,5,1,85.0,0,110
862,8,72,level_up,4,6,9.0,0,408
863,10,152,restart,6,3,15.2,1,512
864,3,208,get_help,6,8,69.33333333333333,0,162
865,5,49,quit,3,6,9.8,0,256
866,6,154,get_help,6,1,25.666666666666668,0,312
867,10,293,restart,5,5,29.3,1,510
868,6,68,quit,4,8,11.333333333333334,0,308
869,4,50,play,5,3,12.5,0,210
870,3,152,play,2,6,50.666666666666664,0,154
871,4,19,level_up,2,5,4.75,0,204
872,1,100,restart,1,6,100.0,0,52
873,4,60,restart,1,10,15.0,0,202
874,1,167,play,2,1,167.0,0,54
875,1,202,get_help,6,7,202.0,0,62
876,10,146,quit,5,9,14.6,1,510
877,6,164,get_help,2,2,27.333333333333332,0,304
878,5,242,get_help,1,10,48.4,0,252
879,4,69,play,2,5,17.25,0,204
880,3,175,play,6,10,58.333333333333336,0,162
881,1,49,play,2,4,49.0,0,54
882,6,108,level_up,5,6,18.0,0,310
883,2,226,get_help,4,6,113.0,0,108
884,8,161,restart,6,2,20.125,0,412
885,10,119,quit,1,2,11.9,1,502
886,5,149,level_up,5,4,29.8,0,260
887,7,150,restart,2,1,21.428571428571427,0,354
888,10,293,get_help,2,9,29.3,1,504
889,2,143,play,4,7,71.5,0,108
890,8,160,get_help,1,7,20.0,0,402
891,2,11,quit,1,3,5.5,0,102
892,4,138,level_up,3,3,34.5,0,206
893,1,78,level_up,1,1,78.0,0,52
894,5,77,quit,4,3,15.4,0,258
895,9,254,restart,3,3,28.22222222222222,0,456
896,1,258,restart,3,4,258.0,0,56
897,9,291,level_up,2,4,32.333333333333336,0,454
898,8,263,level_up,2,3,32.875,0,404
899,6,85,play,1,10,14.166666666666666,0,302
900,7,146,restart,3,8,20.857142857142858,0,356
901,3,42,quit,2,8,14.0,0,154
902,1,125,restart,4,1,125.0,0,58
903,5,167,play,2,7,33.4,0,254
904,2,241,level_up,6,2,120.5,0,112
905,5,280,level_up,6,1,56.0,0,262
906,8,188,play,2,3,23.5,0,404
907,9,19,quit,3,4,2.111111111111111,0,456
908,2,68,level_up,3,6,34.0,0,106
909,3,218,get_help,5,10,72.66666666666667,0,160
910,3,102,level_up,6,5,34.0,0,162
911,1,42,get_help,4,4,42.0,0,58
912,8,288,play,3,8,36.0,0,406
913,6,167,play,1,4,27.833333333333332,0,302
914,8,109,level_up,6,10,13.625,0,412
915,9,36,restart,4,2,4.0,0,458
916,5,232,get_help,4,3,46.4,0,258
917,3,229,quit,3,6,76.33333333333333,0,156
918,5,164,level_up,4,8,32.8,0,258
919,5,73,quit,3,8,14.6,0,256
920,5,136,level_up,2,9,27.2,0,254
921,3,70,restart,6,7,23.333333333333332,0,162
922,10,196,restart,5,2,19.6,1,510
923,4,269,restart,2,8,67.25,0,204
924,9,49,restart,6,7,5.444444444444445,0,462
925,10,130,play,3,8,13.0,1,506
926,9,5,play,6,3,0.5555555555555556,0,462
927,2,27,get_help,3,7,13.5,0,106
928,8,160,quit,2,10,20.0,0,404
929,8,149,level_up,1,9,18.625,0,402
930,7,264,level_up,1,3,37.714285714285715,0,352
931,8,230,play,6,10,28.75,0,412
932,3,200,level_up,1,6,66.66666666666667,0,152
933,6,50,play,3,2,8.333333333333334,0,306
934,1,67,get_help,4,2,67.0,0,58
935,7,300,quit,3,5,42.857142857142854,0,356
936,1,58,get_help,4,5,58.0,0,58
937,9,259,restart,2,7,28.77777777777778,0,454
938,1,130,restart,5,2,130.0,0,60
939,1,215,restart,4,7,215.0,0,58
940,7,172,get_help,1,5,24.571428571428573,0,352
941,2,258,level_up,3,6,129.0,0,106
942,5,102,quit,2,8,20.4,0,254
943,8,209,restart,1,10,26.125,0,402
944,8,291,restart,2,4,36.375,0,404
945,3,286,restart,5,7,95.33333333333333,0,160
946,7,116,quit,3,6,16.571428571428573,0,356
947,3,264,restart,6,10,88.0,0,162
948,6,150,quit,3,2,25.0,0,306
949,6,300,restart,5,8,50.0,0,310
950,3,36,get_help,3,10,12.0,0,156
951,7,287,get_help,6,9,41.0,0,362
952,3,208,quit,4,5,69.33333333333333,0,158
953,8,106,get_help,2,10,13.25,0,404
954,10,158,quit,6,4,15.8,1,512
955,4,121,get_help,1,6,30.25,0,202
956,1,55,get_help,5,8,55.0,0,60
957,4,12,quit,4,3,3.0,0,208
958,7,145,level_up,1,10,20.714285714285715,0,352
959,4,136,get_help,1,1,34.0,0,202
960,6,3,restart,5,4,0.5,0,310
961,9,144,level_up,4,4,16.0,0,458
962,1,30,quit,1,1,30.0,0,52
963,5,237,level_up,1,9,47.4,0,252
964,7,279,play,4,3,39.857142857142854,0,358
965,1,115,play,3,5,115.0,0,56
966,4,104,get_help,1,6,26.0,0,202
967,6,118,get_help,2,8,19.666666666666668,0,304
968,2,5,restart,4,6,2.5,0,108
969,10,248,level_up,1,3,24.8,1,502
970,5,121,play,5,6,24.2,0,260
971,10,286,get_help,6,1,28.6,1,512
972,1,149,level_up,2,4,149.0,0,54
973,6,84,get_help,6,6,14.0,0,312
974,6,231,get_help,6,7,38.5,0,312
975,4,288,play,1,10,72.0,0,202
976,8,161,play,2,3,20.125,0,404
977,4,272,get_help,2,9,68.0,0,204
978,8,38,quit,3,7,4.75,0,406
979,8,226,get_help,6,1,28.25,0,412
980,5,142,get_help,2,2,28.4,0,254
981,4,292,restart,3,1,73.0,0,206
982,2,151,restart,4,9,75.5,0,108
983,3,114,restart,3,9,38.0,0,156
984,3,237,quit,5,7,79.0,0,160
985,4,66,quit,1,10,16.5,0,202
986,4,258,get_help,4,3,64.5,0,208
987,10,249,restart,4,5,24.9,1,508
988,5,180,quit,5,4,36.0,0,260
989,4,190,play,3,7,47.5,0,206
990,10,154,get_help,1,9,15.4,1,502
991,8,196,level_up,3,2,24.5,0,406
992,6,262,get_help,2,8,43.666666666666664,0,304
993,6,143,level_up,3,9,23.833333333333332,0,306
994,8,101,restart,4,10,12.625,0,408
995,7,244,level_up,1,10,34.857142857142854,0,352
996,10,12,restart,3,9,1.2,1,506
997,10,239,play,1,10,23.9,1,502
998,8,49,level_up,1,7,6.125,0,402
999,2,42,get_help,2,9,21.0,0,104
1000,9,166,restart,2,9,18.444444444444443,0,454
